0;2024.05.08 06:15;4;21;-200;-200;1278;205;0;
1;2024.05.08 06:30;4;21;-200;-200;1278;205;0;
2;2024.05.08 06:45;4;21;-200;-200;1278;205;0;
3;2024.05.08 07:00;4;21;-200;-200;1278;205;0;
4;2024.05.08 07:15;4;21;-200;-200;1278;205;0;
5;2024.05.08 07:30;4;21;-200;-200;1278;205;0;
6;2024.05.08 07:45;4;21.125;-200;-200;1278;205;0;
7;2024.05.08 08:00;4;21.25;-200;-200;1278;205;0;
8;2024.05.08 08:15;4;21.25;-200;-200;1278;205;0;
9;2024.05.08 08:30;4;21.25;-200;-200;1278;205;0;
10;2024.05.08 08:45;4;21.375;-200;-200;1278;205;0;
11;2024.05.08 09:00;4;21.375;-200;-200;1278;205;0;
12;2024.05.08 09:15;4;21.4375;-200;-200;1278;205;0;
13;2024.05.08 09:30;4;21.5;-200;-200;1278;205;0;
14;2024.05.08 09:45;4;21.5625;-200;-200;1278;205;0;
15;2024.05.08 10:00;4;21.625;-200;-200;1278;205;0;
16;2024.05.08 10:15;4;21.75;-200;-200;1278;205;0;
17;2024.05.08 10:30;4;21.875;-200;-200;1278;205;0;
18;2024.05.08 10:45;4;22;-200;-200;1278;205;0;
19;2024.05.08 11:00;4;22;-200;-200;1278;205;0;
20;2024.05.08 11:15;4;22.0625;-200;-200;1278;205;0;
21;2024.05.08 11:30;4;22;-200;-200;1278;205;0;
22;2024.05.08 11:45;4;22;-200;-200;1278;205;0;
23;2024.05.08 12:00;4;22;-200;-200;1278;205;0;
24;2024.05.08 12:15;4;22.0625;-200;-200;1278;205;0;
25;2024.05.08 12:30;4;22.0625;-200;-200;1278;205;0;
26;2024.05.08 12:45;4;22.0625;-200;-200;1278;205;0;
27;2024.05.08 13:00;4;22.0625;-200;-200;1278;205;0;
28;2024.05.08 13:15;4;22;-200;-200;1278;205;0;
29;2024.05.08 13:30;4;22;-200;-200;1278;205;0;
30;2024.05.08 13:45;4;22.0625;-200;-200;1278;205;0;
31;2024.05.08 14:00;4;22.0625;-200;-200;1278;205;0;
32;2024.05.08 14:15;4;22.0625;-200;-200;1278;205;0;
33;2024.05.08 14:30;4;22.0625;-200;-200;1278;205;0;
34;2024.05.08 14:45;4;22.0625;-200;-200;1278;205;0;
35;2024.05.08 15:00;4;22;-200;-200;1278;205;0;
36;2024.05.08 15:15;4;22.0625;-200;-200;1278;205;0;
37;2024.05.08 15:30;4;22.125;-200;-200;1278;205;0;
38;2024.05.08 15:45;4;22.125;-200;-200;1278;205;0;
39;2024.05.08 16:00;4;22.25;-200;-200;1278;205;0;
40;2024.05.08 16:15;4;22.25;-200;-200;1278;205;0;
41;2024.05.08 16:30;4;22.3125;-200;-200;1278;205;0;
42;2024.05.08 16:45;4;22.375;-200;-200;1278;205;0;
43;2024.05.08 17:00;4;22.375;-200;-200;1278;205;0;
44;2024.05.08 17:15;4;22.4375;-200;-200;1278;205;0;
45;2024.05.08 17:30;4;22.375;-200;-200;1278;205;0;
46;2024.05.08 17:45;4;22.375;-200;-200;1278;205;0;
47;2024.05.08 18:00;4;22.375;-200;-200;1278;205;0;
48;2024.05.08 18:15;4;22.25;-200;-200;1278;205;0;
49;2024.05.08 18:30;4;22.25;-200;-200;1278;205;0;
50;2024.05.08 18:45;4;22.125;-200;-200;1278;205;0;
51;2024.05.08 19:00;4;22.125;-200;-200;1278;205;0;
52;2024.05.08 19:15;4;22.0625;-200;-200;1278;205;0;
53;2024.05.08 19:30;4;22;-200;-200;1278;205;0;
54;2024.05.08 19:45;4;22;-200;-200;1278;205;0;
55;2024.05.08 20:00;4;21.875;-200;-200;1278;205;0;
56;2024.05.08 20:15;4;21.875;-200;-200;1278;205;0;
57;2024.05.08 20:30;4;21.8125;-200;-200;1278;205;0;
58;2024.05.08 20:45;4;21.75;-200;-200;1278;205;0;
59;2024.05.08 21:00;4;21.75;-200;-200;1278;205;0;
60;2024.05.08 21:15;4;21.6875;-200;-200;1278;205;0;
61;2024.05.08 21:30;4;21.625;-200;-200;1278;205;0;
62;2024.05.08 21:45;4;21.625;-200;-200;1278;205;0;
63;2024.05.08 22:00;4;21.5625;-200;-200;1278;205;0;
64;2024.05.08 22:15;4;21.5;-200;-200;1278;205;0;
65;2024.05.08 22:30;4;21.5;-200;-200;1278;205;0;
66;2024.05.08 22:45;4;21.5;-200;-200;1278;205;0;
67;2024.05.08 23:00;4;21.4375;-200;-200;1278;205;0;
68;2024.05.08 23:15;4;21.375;-200;-200;1278;205;0;
69;2024.05.08 23:30;4;21.375;-200;-200;1278;205;0;
70;2024.05.08 23:45;4;21.375;-200;-200;1278;205;0;
71;2024.05.09 00:00;4;21.375;-200;-200;1278;205;0;
72;2024.05.09 00:15;4;21.3125;-200;-200;1278;205;0;
73;2024.05.09 00:30;4;21.25;-200;-200;1278;205;0;
74;2024.05.09 00:45;4;21.25;-200;-200;1278;205;0;
75;2024.05.09 01:00;4;21.25;-200;-200;1278;205;0;
76;2024.05.09 01:15;4;21.25;-200;-200;1278;205;0;
77;2024.05.09 01:30;4;21.1875;-200;-200;1278;205;0;
78;2024.05.09 01:45;4;21.125;-200;-200;1278;205;0;
79;2024.05.09 02:00;4;21.125;-200;-200;1278;205;0;
80;2024.05.09 02:15;4;21.125;-200;-200;1278;205;0;
81;2024.05.09 02:30;4;21.125;-200;-200;1278;205;0;
82;2024.05.09 02:45;4;21.125;-200;-200;1278;205;0;
83;2024.05.09 03:00;4;21.0625;-200;-200;1278;205;0;
84;2024.05.09 03:15;4;21;-200;-200;1278;205;0;
85;2024.05.09 03:30;4;21;-200;-200;1278;205;0;
86;2024.05.09 03:45;4;21;-200;-200;1278;205;0;
87;2024.05.09 04:00;4;21;-200;-200;1278;205;0;
88;2024.05.09 04:15;4;21;-200;-200;1278;205;0;
89;2024.05.09 04:30;4;21;-200;-200;1278;205;0;
90;2024.05.09 04:45;4;20.9375;-200;-200;1278;205;0;
91;2024.05.09 05:00;4;20.9375;-200;-200;1278;205;0;
92;2024.05.09 05:15;4;20.875;-200;-200;1278;205;0;
93;2024.05.09 05:30;4;20.875;-200;-200;1278;205;0;
94;2024.05.09 05:45;4;20.875;-200;-200;1278;205;0;
95;2024.05.09 06:00;4;20.875;-200;-200;1278;205;0;
96;2024.05.09 06:15;4;20.875;-200;-200;1278;205;0;
97;2024.05.09 06:30;4;20.8125;-200;-200;1278;205;0;
98;2024.05.09 06:45;4;20.8125;-200;-200;1278;205;0;
99;2024.05.09 07:00;4;21;-200;-200;1278;205;0;
100;2024.05.09 07:15;4;21.0625;-200;-200;1278;205;0;
101;2024.05.09 07:30;4;21.125;-200;-200;1278;205;0;
102;2024.05.09 07:45;4;21.125;-200;-200;1278;205;0;
103;2024.05.09 08:00;4;21.1875;-200;-200;1278;205;0;
104;2024.05.09 08:15;4;21.25;-200;-200;1278;205;0;
105;2024.05.09 08:30;4;21.5;-200;-200;1278;205;0;
106;2024.05.09 08:45;4;21.8125;-200;-200;1278;205;0;
107;2024.05.09 09:00;4;21.8125;-200;-200;1278;205;0;
108;2024.05.09 09:15;4;23.125;-200;-200;1278;205;0;
109;2024.05.09 09:30;4;22.9375;-200;-200;1278;205;0;
110;2024.05.09 09:45;4;22.875;-200;-200;1278;205;0;
111;2024.05.09 10:00;4;22.875;-200;-200;1278;205;0;
112;2024.05.09 10:15;4;22.875;-200;-200;1278;205;0;
113;2024.05.09 10:30;4;22.75;-200;-200;1278;205;0;
114;2024.05.09 10:45;4;22.75;-200;-200;1278;205;0;
115;2024.05.09 11:00;4;22.875;-200;-200;1278;205;0;
116;2024.05.09 11:15;4;23;-200;-200;1278;205;0;
117;2024.05.09 11:30;4;22.875;-200;-200;1278;205;0;
118;2024.05.09 11:45;4;22.875;-200;-200;1278;205;0;
119;2024.05.09 12:00;4;22.8125;-200;-200;1278;205;0;
120;2024.05.09 12:15;4;22.75;-200;-200;1278;205;0;
121;2024.05.09 12:30;4;22.6875;-200;-200;1278;205;0;
122;2024.05.09 12:45;4;22.625;-200;-200;1278;205;0;
123;2024.05.09 13:00;4;22.5625;-200;-200;1278;205;0;
124;2024.05.09 13:15;4;22.5;-200;-200;1278;205;0;
125;2024.05.09 13:30;4;22.4375;-200;-200;1278;205;0;
126;2024.05.09 13:45;4;22.4375;-200;-200;1278;205;0;
127;2024.05.09 14:00;4;22.4375;-200;-200;1278;205;0;
128;2024.05.09 14:15;4;22.375;-200;-200;1278;205;0;
129;2024.05.09 14:30;4;22.25;-200;-200;1278;205;0;
130;2024.05.09 14:45;4;22.25;-200;-200;1278;205;0;
131;2024.05.09 15:00;4;22.25;-200;-200;1278;205;0;
132;2024.05.09 15:15;4;22.25;-200;-200;1278;205;0;
133;2024.05.09 15:30;4;22.4375;-200;-200;1278;205;0;
134;2024.05.09 15:45;4;22.5;-200;-200;1278;205;0;
135;2024.05.09 16:00;4;22.5625;-200;-200;1278;205;0;
136;2024.05.09 16:15;4;22.5;-200;-200;1278;205;0;
137;2024.05.09 16:30;4;22.375;-200;-200;1278;205;0;
138;2024.05.09 16:45;4;22.25;-200;-200;1278;205;0;
139;2024.05.09 17:00;4;22.25;-200;-200;1278;205;0;
140;2024.05.09 17:15;4;22.1875;-200;-200;1278;205;0;
141;2024.05.09 17:30;4;22.125;-200;-200;1278;205;0;
142;2024.05.09 17:45;4;22.125;-200;-200;1278;205;0;
143;2024.05.09 18:00;4;22.0625;-200;-200;1278;205;0;
144;2024.05.09 18:15;4;22.0625;-200;-200;1278;205;0;
145;2024.05.09 18:30;4;22.125;-200;-200;1278;205;0;
146;2024.05.09 18:45;4;22.0625;-200;-200;1278;205;0;
147;2024.05.09 19:00;4;22;-200;-200;1278;205;0;
148;2024.05.09 19:15;4;22;-200;-200;1278;205;0;
149;2024.05.09 19:30;4;22;-200;-200;1278;205;0;
150;2024.05.09 19:45;4;22;-200;-200;1278;205;0;
151;2024.05.09 20:00;4;22;-200;-200;1278;205;0;
152;2024.05.09 20:15;4;22;-200;-200;1278;205;0;
153;2024.05.09 20:30;4;21.9375;-200;-200;1278;205;0;
154;2024.05.09 20:45;4;21.875;-200;-200;1278;205;0;
155;2024.05.09 21:00;4;21.875;-200;-200;1278;205;0;
156;2024.05.09 21:15;4;21.75;-200;-200;1278;205;0;
157;2024.05.09 21:30;4;21.625;-200;-200;1278;205;0;
158;2024.05.09 21:45;4;21.375;-200;-200;1278;205;0;
159;2024.05.09 22:00;4;21.1875;-200;-200;1278;205;0;
160;2024.05.09 22:15;4;21;-200;-200;1278;205;0;
161;2024.05.09 22:30;4;20.8125;-200;-200;1278;205;0;
162;2024.05.09 22:45;4;20.625;-200;-200;1278;205;0;
163;2024.05.09 23:00;4;20.5;-200;-200;1278;205;0;
164;2024.05.09 23:15;4;20.25;-200;-200;1278;205;0;
165;2024.05.09 23:30;4;20.125;-200;-200;1278;205;0;
166;2024.05.09 23:45;4;19.9375;-200;-200;1278;205;0;
167;2024.05.10 00:00;4;19.75;-200;-200;1278;205;0;
168;2024.05.10 00:15;4;19.5625;-200;-200;1278;205;0;
169;2024.05.10 00:30;4;19.375;-200;-200;1278;205;0;
170;2024.05.10 00:45;4;19.25;-200;-200;1278;205;0;
171;2024.05.10 01:00;4;19.0625;-200;-200;1278;205;0;
172;2024.05.10 01:15;4;18.875;-200;-200;1278;205;0;
173;2024.05.10 01:30;4;18.75;-200;-200;1278;205;0;
174;2024.05.10 01:45;4;18.625;-200;-200;1278;205;0;
175;2024.05.10 02:00;4;18.4375;-200;-200;1278;205;0;
176;2024.05.10 02:15;4;18.3125;-200;-200;1278;205;0;
177;2024.05.10 02:30;4;18.125;-200;-200;1278;205;0;
178;2024.05.10 02:45;4;18.0625;-200;-200;1278;205;0;
179;2024.05.10 03:00;4;17.875;-200;-200;1278;205;0;
180;2024.05.10 03:15;4;17.75;-200;-200;1278;205;0;
181;2024.05.10 03:30;4;17.625;-200;-200;1278;205;0;
182;2024.05.10 03:45;4;17.5625;-200;-200;1278;205;0;
183;2024.05.10 04:00;4;17.5;-200;-200;1278;205;0;
184;2024.05.10 04:15;4;17.375;-200;-200;1278;205;0;
185;2024.05.10 04:30;4;17.25;-200;-200;1278;205;0;
186;2024.05.10 04:45;4;17.125;-200;-200;1278;205;0;
187;2024.05.10 05:00;4;17.125;-200;-200;1278;205;0;
188;2024.05.10 05:15;4;17;-200;-200;1278;205;0;
189;2024.05.10 05:30;4;16.9375;-200;-200;1278;205;0;
190;2024.05.10 05:45;4;16.875;-200;-200;1278;205;0;
191;2024.05.10 06:00;4;16.8125;-200;-200;1278;205;0;
192;2024.05.10 06:15;4;16.75;-200;-200;1278;205;0;
193;2024.05.10 06:30;4;16.75;-200;-200;1278;205;0;
194;2024.05.10 06:45;4;16.625;-200;-200;1278;205;0;
195;2024.05.10 07:00;4;16.625;-200;-200;1278;205;0;
196;2024.05.10 07:15;4;16.625;-200;-200;1278;205;0;
197;2024.05.10 07:30;4;16.5625;-200;-200;1278;205;0;
198;2024.05.10 07:45;4;16.5625;-200;-200;1278;205;0;
199;2024.05.10 08:00;4;16.625;-200;-200;1278;205;0;
200;2024.05.10 08:15;4;16.625;-200;-200;1278;205;0;
201;2024.05.10 08:30;4;16.625;-200;-200;1278;205;0;
202;2024.05.10 08:45;4;16.75;-200;-200;1278;205;0;
203;2024.05.10 09:00;4;16.8125;-200;-200;1278;205;0;
204;2024.05.10 09:15;4;16.875;-200;-200;1278;205;0;
205;2024.05.10 09:30;4;17;-200;-200;1278;205;0;
206;2024.05.10 09:45;4;17.125;-200;-200;1278;205;0;
207;2024.05.10 10:00;4;17.25;-200;-200;1278;205;0;
208;2024.05.10 10:15;4;17.3125;-200;-200;1278;205;0;
209;2024.05.10 10:30;4;17.4375;-200;-200;1278;205;0;
210;2024.05.10 10:45;4;17.5;-200;-200;1278;205;0;
211;2024.05.10 11:00;4;17.625;-200;-200;1278;205;0;
212;2024.05.10 11:15;4;17.75;-200;-200;1278;205;0;
213;2024.05.10 11:30;4;17.875;-200;-200;1278;205;0;
214;2024.05.10 11:45;4;17.9375;-200;-200;1278;205;0;
215;2024.05.10 12:00;4;18;-200;-200;1278;205;0;
216;2024.05.10 12:15;4;18.0625;-200;-200;1278;205;0;
217;2024.05.10 12:30;4;18.125;-200;-200;1278;205;0;
218;2024.05.10 12:45;4;18.1875;-200;-200;1278;205;0;
219;2024.05.10 13:00;4;18.25;-200;-200;1278;205;0;
220;2024.05.10 13:15;4;18.3125;-200;-200;1278;205;0;
221;2024.05.10 13:30;4;18.375;-200;-200;1278;205;0;
222;2024.05.10 13:45;4;18.4375;-200;-200;1278;205;0;
223;2024.05.10 14:00;4;18.5;-200;-200;1278;205;0;
224;2024.05.10 14:15;4;18.5;-200;-200;1278;205;0;
225;2024.05.10 14:30;4;18.625;-200;-200;1278;205;0;
226;2024.05.10 14:45;4;18.625;-200;-200;1278;205;0;
227;2024.05.10 15:00;4;18.6875;-200;-200;1278;205;0;
228;2024.05.10 15:15;4;18.75;-200;-200;1278;205;0;
229;2024.05.10 15:30;4;18.8125;-200;-200;1278;205;0;
230;2024.05.10 15:45;4;18.875;-200;-200;1278;205;0;
231;2024.05.10 16:00;4;18.875;-200;-200;1278;205;0;
232;2024.05.10 16:15;4;19;-200;-200;1278;205;0;
233;2024.05.10 16:30;4;19;-200;-200;1278;205;0;
234;2024.05.10 16:45;4;19;-200;-200;1278;205;0;
235;2024.05.10 17:00;4;19.125;-200;-200;1278;205;0;
236;2024.05.10 17:15;4;19.125;-200;-200;1278;205;0;
237;2024.05.10 17:30;4;19.1875;-200;-200;1278;205;0;
238;2024.05.10 17:45;4;19.25;-200;-200;1278;205;0;
239;2024.05.10 18:00;4;19.25;-200;-200;1278;205;0;
240;2024.05.10 18:15;4;19.25;-200;-200;1278;205;0;
241;2024.05.10 18:30;4;19.3125;-200;-200;1278;205;0;
242;2024.05.10 18:45;4;19.375;-200;-200;1278;205;0;
243;2024.05.10 19:00;4;19.375;-200;-200;1278;205;0;
244;2024.05.10 19:15;4;19.375;-200;-200;1278;205;0;
245;2024.05.10 19:30;4;19.4375;-200;-200;1278;205;0;
246;2024.05.10 19:45;4;19.5;-200;-200;1278;205;0;
247;2024.05.10 20:00;4;19.5;-200;-200;1278;205;0;
248;2024.05.10 20:15;4;19.5;-200;-200;1278;205;0;
249;2024.05.10 20:30;4;19.5;-200;-200;1278;205;0;
250;2024.05.10 20:45;4;19.5;-200;-200;1278;205;0;
251;2024.05.10 21:00;4;19.5;-200;-200;1278;205;0;
252;2024.05.10 21:15;4;19.5;-200;-200;1278;205;0;
253;2024.05.10 21:30;4;19.5;-200;-200;1278;205;0;
254;2024.05.10 21:45;4;19.4375;-200;-200;1278;205;0;
255;2024.05.10 22:00;4;19.4375;-200;-200;1278;205;0;
256;2024.05.10 22:15;4;19.375;-200;-200;1278;205;0;
257;2024.05.10 22:30;4;19.375;-200;-200;1278;205;0;
258;2024.05.10 22:45;4;19.375;-200;-200;1278;205;0;
259;2024.05.10 23:00;4;19.375;-200;-200;1278;205;0;
260;2024.05.10 23:15;4;19.375;-200;-200;1278;205;0;
261;2024.05.10 23:30;4;19.375;-200;-200;1278;205;0;
262;2024.05.10 23:45;4;19.375;-200;-200;1278;205;0;
263;2024.05.11 00:00;4;19.375;-200;-200;1278;205;0;
264;2024.05.11 00:15;4;19.375;-200;-200;1278;205;0;
265;2024.05.11 00:30;4;19.375;-200;-200;1278;205;0;
266;2024.05.11 00:45;4;19.375;-200;-200;1278;205;0;
267;2024.05.11 01:00;4;19.375;-200;-200;1278;205;0;
268;2024.05.11 01:15;4;19.375;-200;-200;1278;205;0;
269;2024.05.11 01:30;4;19.375;-200;-200;1278;205;0;
270;2024.05.11 01:45;4;19.25;-200;-200;1278;205;0;
271;2024.05.11 02:00;4;19.25;-200;-200;1278;205;0;
272;2024.05.11 02:15;4;19.25;-200;-200;1278;205;0;
273;2024.05.11 02:30;4;19.25;-200;-200;1278;205;0;
274;2024.05.11 02:45;4;19.1875;-200;-200;1278;205;0;
275;2024.05.11 03:00;4;19.125;-200;-200;1278;205;0;
276;2024.05.11 03:15;4;19.125;-200;-200;1278;205;0;
277;2024.05.11 03:30;4;19.0625;-200;-200;1278;205;0;
278;2024.05.11 03:45;4;19;-200;-200;1278;205;0;
279;2024.05.11 04:00;4;19;-200;-200;1278;205;0;
280;2024.05.11 04:15;4;18.9375;-200;-200;1278;205;0;
281;2024.05.11 04:30;4;18.9375;-200;-200;1278;205;0;
282;2024.05.11 04:45;4;18.9375;-200;-200;1278;205;0;
283;2024.05.11 05:00;4;18.9375;-200;-200;1278;205;0;
284;2024.05.11 05:15;4;18.9375;-200;-200;1278;205;0;
285;2024.05.11 05:30;4;18.9375;-200;-200;1278;205;0;
286;2024.05.11 05:45;4;18.9375;-200;-200;1278;205;0;
287;2024.05.11 06:00;4;19;-200;-200;1278;205;0;
288;2024.05.11 06:15;4;19;-200;-200;1278;205;0;
289;2024.05.11 06:30;4;19;-200;-200;1278;205;0;
290;2024.05.11 06:45;4;19;-200;-200;1278;205;0;
291;2024.05.11 07:00;4;19;-200;-200;1278;205;0;
292;2024.05.11 07:15;4;19;-200;-200;1278;205;0;
293;2024.05.11 07:30;4;19;-200;-200;1278;205;0;
294;2024.05.11 07:45;4;19;-200;-200;1278;205;0;
295;2024.05.11 08:00;4;19;-200;-200;1278;205;0;
296;2024.05.11 08:15;4;19;-200;-200;1278;205;0;
297;2024.05.11 08:30;4;19.0625;-200;-200;1278;205;0;
298;2024.05.11 08:45;4;19.125;-200;-200;1278;205;0;
299;2024.05.11 09:00;4;19.125;-200;-200;1278;205;0;
300;2024.05.11 09:15;4;19.125;-200;-200;1278;205;0;
301;2024.05.11 09:30;4;19.125;-200;-200;1278;205;0;
302;2024.05.11 09:45;4;19.1875;-200;-200;1278;205;0;
303;2024.05.11 10:00;4;19.25;-200;-200;1278;205;0;
304;2024.05.11 10:15;4;19.25;-200;-200;1278;205;0;
305;2024.05.11 10:30;4;19.25;-200;-200;1278;205;0;
306;2024.05.11 10:45;4;19.3125;-200;-200;1278;205;0;
307;2024.05.11 11:00;4;19.375;-200;-200;1278;205;0;
308;2024.05.11 11:15;4;19.375;-200;-200;1278;205;0;
309;2024.05.11 11:30;4;19.375;-200;-200;1278;205;0;
310;2024.05.11 11:45;4;19.4375;-200;-200;1278;205;0;
311;2024.05.11 12:00;4;19.5;-200;-200;1278;205;0;
312;2024.05.11 12:15;4;19.5;-200;-200;1278;205;0;
313;2024.05.11 12:30;4;19.5;-200;-200;1278;205;0;
314;2024.05.11 12:45;4;19.5625;-200;-200;1278;205;0;
315;2024.05.11 13:00;4;19.625;-200;-200;1278;205;0;
316;2024.05.11 13:15;4;19.625;-200;-200;1278;205;0;
317;2024.05.11 13:30;4;19.625;-200;-200;1278;205;0;
318;2024.05.11 13:45;4;19.75;-200;-200;1278;205;0;
319;2024.05.11 14:00;4;19.75;-200;-200;1278;205;0;
320;2024.05.11 14:15;4;19.75;-200;-200;1278;205;0;
321;2024.05.11 14:30;4;19.8125;-200;-200;1278;205;0;
322;2024.05.11 14:45;4;19.875;-200;-200;1278;205;0;
323;2024.05.11 15:00;4;19.875;-200;-200;1278;205;0;
324;2024.05.11 15:15;4;19.9375;-200;-200;1278;205;0;
325;2024.05.11 15:30;4;20;-200;-200;1278;205;0;
326;2024.05.11 15:45;4;20.125;-200;-200;1278;205;0;
327;2024.05.11 16:00;4;20.25;-200;-200;1278;205;0;
328;2024.05.11 16:15;4;20.375;-200;-200;1278;205;0;
329;2024.05.11 16:30;4;20.625;-200;-200;1278;205;0;
330;2024.05.11 16:45;4;21;-200;-200;1278;205;0;
331;2024.05.11 17:00;4;21.25;-200;-200;1278;205;0;
332;2024.05.11 17:15;4;21.375;-200;-200;1278;205;0;
333;2024.05.11 17:30;4;21.5;-200;-200;1278;205;0;
334;2024.05.11 17:45;4;21.5;-200;-200;1278;205;0;
335;2024.05.11 18:00;4;21.625;-200;-200;1278;205;0;
336;2024.05.11 18:15;4;21.6875;-200;-200;1278;205;0;
337;2024.05.11 18:30;4;21.75;-200;-200;1278;205;0;
338;2024.05.11 18:45;4;21.8125;-200;-200;1278;205;0;
339;2024.05.11 19:00;4;21.875;-200;-200;1278;205;0;
340;2024.05.11 19:15;4;21.9375;-200;-200;1278;205;0;
341;2024.05.11 19:30;4;22;-200;-200;1278;205;0;
342;2024.05.11 19:45;4;22.0625;-200;-200;1278;205;0;
343;2024.05.11 20:00;4;22.125;-200;-200;1278;205;0;
344;2024.05.11 20:15;4;22.125;-200;-200;1278;205;0;
345;2024.05.11 20:30;4;22.125;-200;-200;1278;205;0;
346;2024.05.11 20:45;4;22.25;-200;-200;1278;205;0;
347;2024.05.11 21:00;4;22.25;-200;-200;1278;205;0;
348;2024.05.11 21:15;4;22.25;-200;-200;1278;205;0;
349;2024.05.11 21:30;4;22.3125;-200;-200;1278;205;0;
350;2024.05.11 21:45;4;22.3125;-200;-200;1278;205;0;
351;2024.05.11 22:00;4;22.375;-200;-200;1278;205;0;
352;2024.05.11 22:15;4;22.375;-200;-200;1278;205;0;
353;2024.05.11 22:30;4;22.375;-200;-200;1278;205;0;
354;2024.05.11 22:45;4;22.375;-200;-200;1278;205;0;
355;2024.05.11 23:00;4;22.375;-200;-200;1278;205;0;
356;2024.05.11 23:15;4;22.375;-200;-200;1278;205;0;
357;2024.05.11 23:30;4;22.375;-200;-200;1278;205;0;
358;2024.05.11 23:45;4;22.375;-200;-200;1278;205;0;
359;2024.05.12 00:00;4;22.375;-200;-200;1278;205;0;
360;2024.05.12 00:15;4;22.375;-200;-200;1278;205;0;
361;2024.05.12 00:30;4;22.25;-200;-200;1278;205;0;
362;2024.05.12 00:45;4;22.25;-200;-200;1278;205;0;
363;2024.05.12 01:00;4;22.125;-200;-200;1278;205;0;
364;2024.05.12 01:15;4;22;-200;-200;1278;205;0;
365;2024.05.12 01:30;4;21.875;-200;-200;1278;205;0;
366;2024.05.12 01:45;4;21.75;-200;-200;1278;205;0;
367;2024.05.12 02:00;4;21.5625;-200;-200;1278;205;0;
368;2024.05.12 02:15;4;21.375;-200;-200;1278;205;0;
369;2024.05.12 02:30;4;21.25;-200;-200;1278;205;0;
370;2024.05.12 02:45;4;21;-200;-200;1278;205;0;
371;2024.05.12 03:00;4;20.8125;-200;-200;1278;205;0;
372;2024.05.12 03:15;4;20.625;-200;-200;1278;205;0;
373;2024.05.12 03:30;4;20.375;-200;-200;1278;205;0;
374;2024.05.12 03:45;4;20.125;-200;-200;1278;205;0;
375;2024.05.12 04:00;4;19.875;-200;-200;1278;205;0;
376;2024.05.12 04:15;4;19.625;-200;-200;1278;205;0;
377;2024.05.12 04:30;4;19.375;-200;-200;1278;205;0;
378;2024.05.12 04:45;4;19.125;-200;-200;1278;205;0;
379;2024.05.12 05:00;4;18.875;-200;-200;1278;205;0;
380;2024.05.12 05:15;4;18.5625;-200;-200;1278;205;0;
381;2024.05.12 05:30;4;18.25;-200;-200;1278;205;0;
382;2024.05.12 05:45;4;18;-200;-200;1278;205;0;
383;2024.05.12 06:00;4;17.75;-200;-200;1278;205;0;
384;2024.05.12 06:15;4;17.5;-200;-200;1278;205;0;
385;2024.05.12 06:30;4;17.1875;-200;-200;1278;205;0;
386;2024.05.12 06:45;4;16.875;-200;-200;1278;205;0;
387;2024.05.12 07:00;4;16.625;-200;-200;1278;205;0;
388;2024.05.12 07:15;4;16.375;-200;-200;1278;205;0;
389;2024.05.12 07:30;4;16.125;-200;-200;1278;205;0;
390;2024.05.12 07:45;4;15.875;-200;-200;1278;205;0;
391;2024.05.12 08:00;4;15.625;-200;-200;1278;205;0;
392;2024.05.12 08:15;4;15.4375;-200;-200;1278;205;0;
393;2024.05.12 08:30;4;15.1875;-200;-200;1278;205;0;
394;2024.05.12 08:45;4;15;-200;-200;1278;205;0;
395;2024.05.12 09:00;4;14.875;-200;-200;1278;205;0;
396;2024.05.12 09:15;4;15.25;-200;-200;1278;205;0;
397;2024.05.12 09:30;4;15.75;-200;-200;1278;205;0;
398;2024.05.12 09:45;4;15.875;-200;-200;1278;205;0;
399;2024.05.12 10:00;4;15.9375;-200;-200;1278;205;0;
400;2024.05.12 10:15;4;16;-200;-200;1278;205;0;
401;2024.05.12 10:30;4;16.125;-200;-200;1278;205;0;
402;2024.05.12 10:45;4;16.25;-200;-200;1278;205;0;
403;2024.05.12 11:00;4;16.375;-200;-200;1278;205;0;
404;2024.05.12 11:15;4;16.5;-200;-200;1278;205;0;
405;2024.05.12 11:30;4;16.625;-200;-200;1278;205;0;
406;2024.05.12 11:45;4;16.75;-200;-200;1278;205;0;
407;2024.05.12 12:00;4;16.875;-200;-200;1278;205;0;
408;2024.05.12 12:15;4;17.0625;-200;-200;1278;205;0;
409;2024.05.12 12:30;4;17.25;-200;-200;1278;205;0;
410;2024.05.12 12:45;4;17.375;-200;-200;1278;205;0;
411;2024.05.12 13:00;4;17.625;-200;-200;1278;205;0;
412;2024.05.12 13:15;4;17.875;-200;-200;1278;205;0;
413;2024.05.12 13:30;4;18.125;-200;-200;1278;205;0;
414;2024.05.12 13:45;4;18.5;-200;-200;1278;205;0;
415;2024.05.12 14:00;4;18.875;-200;-200;1278;205;0;
416;2024.05.12 14:15;4;19.1875;-200;-200;1278;205;0;
417;2024.05.12 14:30;4;19.375;-200;-200;1278;205;0;
418;2024.05.12 14:45;4;19.6875;-200;-200;1278;205;0;
419;2024.05.12 15:00;4;20;-200;-200;1278;205;0;
420;2024.05.12 15:15;4;20.25;-200;-200;1278;205;0;
421;2024.05.12 15:30;4;20.4375;-200;-200;1278;205;0;
422;2024.05.12 15:45;4;20.625;-200;-200;1278;205;0;
423;2024.05.12 16:00;4;20.875;-200;-200;1278;205;0;
424;2024.05.12 16:15;4;21.125;-200;-200;1278;205;0;
425;2024.05.12 16:30;4;21.5;-200;-200;1278;205;0;
426;2024.05.12 16:45;4;21.875;-200;-200;1278;205;0;
427;2024.05.12 17:00;4;22;-200;-200;1278;205;0;
428;2024.05.12 17:15;4;22.125;-200;-200;1278;205;0;
429;2024.05.12 17:30;4;22.3125;-200;-200;1278;205;0;
430;2024.05.12 17:45;4;22.5;-200;-200;1278;205;0;
431;2024.05.12 18:00;4;22.625;-200;-200;1278;205;0;
432;2024.05.12 18:15;4;22.75;-200;-200;1278;205;0;
433;2024.05.12 18:30;4;22.875;-200;-200;1278;205;0;
434;2024.05.12 18:45;4;22.9375;-200;-200;1278;205;0;
435;2024.05.12 19:00;4;23;-200;-200;1278;205;0;
436;2024.05.12 19:15;4;23.125;-200;-200;1278;205;0;
437;2024.05.12 19:30;4;23.25;-200;-200;1278;205;0;
438;2024.05.12 19:45;4;23.3125;-200;-200;1278;205;0;
439;2024.05.12 20:00;4;23.4375;-200;-200;1278;205;0;
440;2024.05.12 20:15;4;23.5;-200;-200;1278;205;0;
441;2024.05.12 20:30;4;23.625;-200;-200;1278;205;0;
442;2024.05.12 20:45;4;23.6875;-200;-200;1278;205;0;
443;2024.05.12 21:00;4;23.75;-200;-200;1278;205;0;
444;2024.05.12 21:15;4;23.875;-200;-200;1278;205;0;
445;2024.05.12 21:30;4;23.875;-200;-200;1278;205;0;
446;2024.05.12 21:45;4;23.875;-200;-200;1278;205;0;
447;2024.05.12 22:00;4;24;-200;-200;1278;205;0;
448;2024.05.12 22:15;4;24;-200;-200;1278;205;0;
449;2024.05.12 22:30;4;24.0625;-200;-200;1278;205;0;
450;2024.05.12 22:45;4;24.125;-200;-200;1278;205;0;
451;2024.05.12 23:00;4;24.125;-200;-200;1278;205;0;
452;2024.05.12 23:15;4;24.125;-200;-200;1278;205;0;
453;2024.05.12 23:30;4;24.1875;-200;-200;1278;205;0;
454;2024.05.12 23:45;4;24.1875;-200;-200;1278;205;0;
455;2024.05.13 00:00;4;24.25;-200;-200;1278;205;0;
456;2024.05.13 00:15;4;24.25;-200;-200;1278;205;0;
457;2024.05.13 00:30;4;24.25;-200;-200;1278;205;0;
458;2024.05.13 00:45;4;24.25;-200;-200;1278;205;0;
459;2024.05.13 01:00;4;24.25;-200;-200;1278;205;0;
460;2024.05.13 01:15;4;24.25;-200;-200;1278;205;0;
461;2024.05.13 01:30;4;24.25;-200;-200;1278;205;0;
462;2024.05.13 01:45;4;24.125;-200;-200;1278;205;0;
463;2024.05.13 02:00;4;23.75;-200;-200;1278;205;0;
464;2024.05.13 02:15;4;23.5;-200;-200;1278;205;0;
465;2024.05.13 02:30;4;23.375;-200;-200;1278;205;0;
466;2024.05.13 02:45;4;23.3125;-200;-200;1278;205;0;
467;2024.05.13 03:00;4;23.25;-200;-200;1278;205;0;
468;2024.05.13 03:15;4;23.125;-200;-200;1278;205;0;
469;2024.05.13 03:30;4;23.125;-200;-200;1278;205;0;
470;2024.05.13 03:45;4;23;-200;-200;1278;205;0;
471;2024.05.13 04:00;4;22.9375;-200;-200;1278;205;0;
472;2024.05.13 04:15;4;22.875;-200;-200;1278;205;0;
473;2024.05.13 04:30;4;22.8125;-200;-200;1278;205;0;
474;2024.05.13 04:45;4;22.75;-200;-200;1278;205;0;
475;2024.05.13 05:00;4;22.6875;-200;-200;1278;205;0;
476;2024.05.13 05:15;4;22.625;-200;-200;1278;205;0;
477;2024.05.13 05:30;4;22.5625;-200;-200;1278;205;0;
478;2024.05.13 05:45;4;22.5;-200;-200;1278;205;0;
479;2024.05.13 06:00;4;22.4375;-200;-200;1278;205;0;
480;2024.05.13 06:15;4;22.375;-200;-200;1278;205;0;
481;2024.05.13 06:30;4;22.3125;-200;-200;1278;205;0;
482;2024.05.13 06:45;4;22.25;-200;-200;1278;205;0;
483;2024.05.13 07:00;4;22.25;-200;-200;1278;205;0;
484;2024.05.13 07:15;4;22.125;-200;-200;1278;205;0;
485;2024.05.13 07:30;4;22.125;-200;-200;1278;205;0;
486;2024.05.13 07:45;4;22;-200;-200;1278;205;0;
487;2024.05.13 08:00;4;22;-200;-200;1278;205;0;
488;2024.05.13 08:15;4;21.9375;-200;-200;1278;205;0;
489;2024.05.13 08:30;4;21.875;-200;-200;1278;205;0;
490;2024.05.13 08:45;4;21.875;-200;-200;1278;205;0;
491;2024.05.13 09:00;4;21.75;-200;-200;1278;205;0;
492;2024.05.13 09:15;4;21.75;-200;-200;1278;205;0;
493;2024.05.13 09:30;4;21.6875;-200;-200;1278;205;0;
494;2024.05.13 09:45;4;21.625;-200;-200;1278;205;0;
495;2024.05.13 10:00;4;21.625;-200;-200;1278;205;0;
496;2024.05.13 10:15;4;21.5;-200;-200;1278;205;0;
497;2024.05.13 10:30;4;21.5;-200;-200;1278;205;0;
498;2024.05.13 10:45;4;21.375;-200;-200;1278;205;0;
499;2024.05.13 11:00;4;21.375;-200;-200;1278;205;0;
500;2024.05.13 11:15;4;21.3125;-200;-200;1278;205;0;
501;2024.05.13 11:30;4;21.25;-200;-200;1278;205;0;
502;2024.05.13 11:45;4;21.1875;-200;-200;1278;205;0;
503;2024.05.13 12:00;4;21.125;-200;-200;1278;205;0;
504;2024.05.13 12:15;4;21.0625;-200;-200;1278;205;0;
505;2024.05.13 12:30;4;21;-200;-200;1278;205;0;
506;2024.05.13 12:45;4;20.75;-200;-200;1278;205;0;
507;2024.05.13 13:00;4;20.5;-200;-200;1278;205;0;
508;2024.05.13 13:15;4;20.1875;-200;-200;1278;205;0;
509;2024.05.13 13:30;4;19.9375;-200;-200;1278;205;0;
510;2024.05.13 13:45;4;19.8125;-200;-200;1278;205;0;
511;2024.05.13 14:00;4;19.625;-200;-200;1278;205;0;
512;2024.05.13 14:15;4;19.5;-200;-200;1278;205;0;
513;2024.05.13 14:30;4;19.25;-200;-200;1278;205;0;
514;2024.05.13 14:45;4;19.125;-200;-200;1278;205;0;
515;2024.05.13 15:00;4;19.1875;-200;-200;1278;205;0;
516;2024.05.13 15:15;4;19.1875;-200;-200;1278;205;0;
517;2024.05.13 15:30;4;19.375;-200;-200;1278;205;0;
518;2024.05.13 15:45;4;19.25;-200;-200;1278;205;0;
519;2024.05.13 16:00;4;19.1875;-200;-200;1278;205;0;
520;2024.05.13 16:15;4;19.1875;-200;-200;1278;205;0;
521;2024.05.13 16:30;4;19.1875;-200;-200;1278;205;0;
522;2024.05.13 16:45;4;19.375;-200;-200;1278;205;0;
523;2024.05.13 17:00;4;19.75;-200;-200;1278;205;0;
524;2024.05.13 17:15;4;19.9375;-200;-200;1278;205;0;
525;2024.05.13 17:30;4;20.125;-200;-200;1278;205;0;
526;2024.05.13 17:45;4;20.375;-200;-200;1278;205;0;
527;2024.05.13 18:00;4;20.5625;-200;-200;1278;205;0;
528;2024.05.13 18:15;4;20.75;-200;-200;1278;205;0;
529;2024.05.13 18:30;4;20.875;-200;-200;1278;205;0;
530;2024.05.13 18:45;4;21.0625;-200;-200;1278;205;0;
531;2024.05.13 19:00;4;21.1875;-200;-200;1278;205;0;
532;2024.05.13 19:15;4;21.3125;-200;-200;1278;205;0;
533;2024.05.13 19:30;4;21.4375;-200;-200;1278;205;0;
534;2024.05.13 19:45;4;21.5625;-200;-200;1278;205;0;
535;2024.05.13 20:00;4;21.6875;-200;-200;1278;205;0;
536;2024.05.13 20:15;4;21.8125;-200;-200;1278;205;0;
537;2024.05.13 20:30;4;21.875;-200;-200;1278;205;0;
538;2024.05.13 20:45;4;22;-200;-200;1278;205;0;
539;2024.05.13 21:00;4;22.0625;-200;-200;1278;205;0;
540;2024.05.13 21:15;4;22.125;-200;-200;1278;205;0;
541;2024.05.13 21:30;4;22.25;-200;-200;1278;205;0;
542;2024.05.13 21:45;4;22.375;-200;-200;1278;205;0;
543;2024.05.13 22:00;4;22.5;-200;-200;1278;205;0;
544;2024.05.13 22:15;4;22.625;-200;-200;1278;205;0;
545;2024.05.13 22:30;4;22.6875;-200;-200;1278;205;0;
546;2024.05.13 22:45;4;22.75;-200;-200;1278;205;0;
547;2024.05.13 23:00;4;22.875;-200;-200;1278;205;0;
548;2024.05.13 23:15;4;23;-200;-200;1278;205;0;
549;2024.05.13 23:30;4;23;-200;-200;1278;205;0;
550;2024.05.13 23:45;4;23.125;-200;-200;1278;205;0;
551;2024.05.14 00:00;4;23.1875;-200;-200;1278;205;0;
552;2024.05.14 00:15;4;23.25;-200;-200;1278;205;0;
553;2024.05.14 00:30;4;23.375;-200;-200;1278;205;0;
554;2024.05.14 00:45;4;23.375;-200;-200;1278;205;0;
555;2024.05.14 01:00;4;23.4375;-200;-200;1278;205;0;
556;2024.05.14 01:15;4;23.5;-200;-200;1278;205;0;
557;2024.05.14 01:30;4;23.5;-200;-200;1278;205;0;
558;2024.05.14 01:45;4;23.5625;-200;-200;1278;205;0;
559;2024.05.14 02:00;4;23.625;-200;-200;1278;205;0;
560;2024.05.14 02:15;4;23.625;-200;-200;1278;205;0;
561;2024.05.14 02:30;4;23.625;-200;-200;1278;205;0;
562;2024.05.14 02:45;4;23.625;-200;-200;1278;205;0;
563;2024.05.14 03:00;4;23.6875;-200;-200;1278;205;0;
564;2024.05.14 03:15;4;23.75;-200;-200;1278;205;0;
565;2024.05.14 03:30;4;23.75;-200;-200;1278;205;0;
566;2024.05.14 03:45;4;23.75;-200;-200;1278;205;0;
567;2024.05.14 04:00;4;23.75;-200;-200;1278;205;0;
568;2024.05.14 04:15;4;23.75;-200;-200;1278;205;0;
569;2024.05.14 04:30;4;23.8125;-200;-200;1278;205;0;
570;2024.05.14 04:45;4;23.8125;-200;-200;1278;205;0;
571;2024.05.14 05:00;4;23.875;-200;-200;1278;205;0;
572;2024.05.14 05:15;4;23.875;-200;-200;1278;205;0;
573;2024.05.14 05:30;4;23.875;-200;-200;1278;205;0;
574;2024.05.14 05:45;4;23.875;-200;-200;1278;205;0;
575;2024.05.14 06:00;4;23.875;-200;-200;1278;205;0;
576;2024.05.14 06:15;4;23.875;-200;-200;1278;205;0;
577;2024.05.14 06:30;4;23.9375;-200;-200;1278;205;0;
578;2024.05.14 06:45;4;23.9375;-200;-200;1278;205;0;
579;2024.05.14 07:00;4;23.9375;-200;-200;1278;205;0;
580;2024.05.14 07:15;4;24;-200;-200;1278;205;0;
581;2024.05.14 07:30;4;24;-200;-200;1278;205;0;
582;2024.05.14 07:45;4;24;-200;-200;1278;205;0;
583;2024.05.14 08:00;4;24;-200;-200;1278;205;0;
584;2024.05.14 08:15;4;24;-200;-200;1278;205;0;
585;2024.05.14 08:30;4;24;-200;-200;1278;205;0;
586;2024.05.14 08:45;4;24;-200;-200;1278;205;0;
587;2024.05.14 09:00;4;24;-200;-200;1278;205;0;
588;2024.05.14 09:15;4;24;-200;-200;1278;205;0;
589;2024.05.14 09:30;4;24;-200;-200;1278;205;0;
590;2024.05.14 09:45;4;24.0625;-200;-200;1278;205;0;
591;2024.05.14 10:00;4;24.0625;-200;-200;1278;205;0;
592;2024.05.14 10:15;4;24.0625;-200;-200;1278;205;0;
593;2024.05.14 10:30;4;24.125;-200;-200;1278;205;0;
594;2024.05.14 10:45;4;24.125;-200;-200;1278;205;0;
595;2024.05.14 11:00;4;24.125;-200;-200;1278;205;0;
596;2024.05.14 11:15;4;24.125;-200;-200;1278;205;0;
597;2024.05.14 11:30;4;24.125;-200;-200;1278;205;0;
598;2024.05.14 11:45;4;24.125;-200;-200;1278;205;0;
599;2024.05.14 12:00;4;24.125;-200;-200;1278;205;0;
600;2024.05.14 12:15;4;24.125;-200;-200;1278;205;0;
601;2024.05.14 12:30;4;24.125;-200;-200;1278;205;0;
602;2024.05.14 12:45;4;24.125;-200;-200;1278;205;0;
603;2024.05.14 13:00;4;24.125;-200;-200;1278;205;0;
604;2024.05.14 13:15;4;24.125;-200;-200;1278;205;0;
605;2024.05.14 13:30;4;24.125;-200;-200;1278;205;0;
606;2024.05.14 13:45;4;24.125;-200;-200;1278;205;0;
607;2024.05.14 14:00;4;24.125;-200;-200;1278;205;0;
608;2024.05.14 14:15;4;24.125;-200;-200;1278;205;0;
609;2024.05.14 14:30;4;24.125;-200;-200;1278;205;0;
610;2024.05.14 14:45;4;24.125;-200;-200;1278;205;0;
611;2024.05.14 15:00;4;24.125;-200;-200;1278;205;0;
612;2024.05.14 15:15;4;24.125;-200;-200;1278;205;0;
613;2024.05.14 15:30;4;24.125;-200;-200;1278;205;0;
614;2024.05.14 15:45;4;24.125;-200;-200;1278;205;0;
615;2024.05.14 16:00;4;24.1875;-200;-200;1278;205;0;
616;2024.05.14 16:15;4;24.1875;-200;-200;1278;205;0;
617;2024.05.14 16:30;4;24.1875;-200;-200;1278;205;0;
618;2024.05.14 16:45;4;24.1875;-200;-200;1278;205;0;
619;2024.05.14 17:00;4;24.25;-200;-200;1278;205;0;
620;2024.05.14 17:15;4;24.25;-200;-200;1278;205;0;
621;2024.05.14 17:30;4;24.25;-200;-200;1278;205;0;
622;2024.05.14 17:45;4;24.25;-200;-200;1278;205;0;
623;2024.05.14 18:00;4;24.25;-200;-200;1278;205;0;
624;2024.05.14 18:15;4;24.25;-200;-200;1278;205;0;
625;2024.05.14 18:30;4;24.25;-200;-200;1278;205;0;
626;2024.05.14 18:45;4;24.25;-200;-200;1278;205;0;
627;2024.05.14 19:00;4;24.25;-200;-200;1278;205;0;
628;2024.05.14 19:15;4;24.25;-200;-200;1278;205;0;
629;2024.05.14 19:30;4;24.25;-200;-200;1278;205;0;
630;2024.05.14 19:45;4;24.25;-200;-200;1278;205;0;
631;2024.05.14 20:00;4;24.25;-200;-200;1278;205;0;
632;2024.05.14 20:15;4;24.25;-200;-200;1278;205;0;
633;2024.05.14 20:30;4;24.3125;-200;-200;1278;205;0;
634;2024.05.14 20:45;4;24.3125;-200;-200;1278;205;0;
635;2024.05.14 21:00;4;24.375;-200;-200;1278;205;0;
636;2024.05.14 21:15;4;24.375;-200;-200;1278;205;0;
637;2024.05.14 21:30;4;24.375;-200;-200;1278;205;0;
638;2024.05.14 21:45;4;24.375;-200;-200;1278;205;0;
639;2024.05.14 22:00;4;24.375;-200;-200;1278;205;0;
640;2024.05.14 22:15;4;24.375;-200;-200;1278;205;0;
641;2024.05.14 22:30;4;24.375;-200;-200;1278;205;0;
642;2024.05.14 22:45;4;24.375;-200;-200;1278;205;0;
643;2024.05.14 23:00;4;24.375;-200;-200;1278;205;0;
644;2024.05.14 23:15;4;24.4375;-200;-200;1278;205;0;
645;2024.05.14 23:30;4;24.4375;-200;-200;1278;205;0;
646;2024.05.14 23:45;4;24.4375;-200;-200;1278;205;0;
647;2024.05.15 00:00;4;24.4375;-200;-200;1278;205;0;
648;2024.05.15 00:15;4;24.4375;-200;-200;1278;205;0;
649;2024.05.15 00:30;4;24.5;-200;-200;1278;205;0;
650;2024.05.15 00:45;4;24.4375;-200;-200;1278;205;0;
651;2024.05.15 01:00;4;24.4375;-200;-200;1278;205;0;
652;2024.05.15 01:15;4;24.5;-200;-200;1278;205;0;
653;2024.05.15 01:30;4;24.4375;-200;-200;1278;205;0;
654;2024.05.15 01:45;4;24.5;-200;-200;1278;205;0;
655;2024.05.15 02:00;4;24.4375;-200;-200;1278;205;0;
656;2024.05.15 02:15;4;24.4375;-200;-200;1278;205;0;
657;2024.05.15 02:30;4;24.5;-200;-200;1278;205;0;
658;2024.05.15 02:45;4;24.4375;-200;-200;1278;205;0;
659;2024.05.15 03:00;4;24.4375;-200;-200;1278;205;0;
660;2024.05.15 03:15;4;24.5;-200;-200;1278;205;0;
661;2024.05.15 03:30;4;24.4375;-200;-200;1278;205;0;
662;2024.05.15 03:45;4;24.5;-200;-200;1278;205;0;
663;2024.05.15 04:00;4;24.5;-200;-200;1278;205;0;
664;2024.05.15 04:15;4;24.5;-200;-200;1278;205;0;
665;2024.05.15 04:30;4;24.5;-200;-200;1278;205;0;
666;2024.05.15 04:45;4;24.5;-200;-200;1278;205;0;
667;2024.05.15 05:00;4;24.5;-200;-200;1278;205;0;
668;2024.05.15 05:15;4;24.5;-200;-200;1278;205;0;
669;2024.05.15 05:30;4;24.5;-200;-200;1278;205;0;
670;2024.05.15 05:45;4;24.5;-200;-200;1278;205;0;
671;2024.05.15 06:00;4;24.5;-200;-200;1278;205;0;
672;2024.05.15 06:15;4;24.5;-200;-200;1278;205;0;
673;2024.05.15 06:30;4;24.5;-200;-200;1278;205;0;
674;2024.05.15 06:45;4;24.5625;-200;-200;1278;205;0;
675;2024.05.15 07:00;4;24.5625;-200;-200;1278;205;0;
676;2024.05.15 07:15;4;24.625;-200;-200;1278;205;0;
677;2024.05.15 07:30;4;24.625;-200;-200;1278;205;0;
678;2024.05.15 07:45;4;24.625;-200;-200;1278;205;0;
679;2024.05.15 08:00;4;24.625;-200;-200;1278;205;0;
680;2024.05.15 08:15;4;24.625;-200;-200;1278;205;0;
681;2024.05.15 08:30;4;24.625;-200;-200;1278;205;0;
682;2024.05.15 08:45;4;24.625;-200;-200;1278;205;0;
683;2024.05.15 09:00;4;24.625;-200;-200;1278;205;0;
684;2024.05.15 09:15;4;24.625;-200;-200;1278;205;0;
685;2024.05.15 09:30;4;24.625;-200;-200;1278;205;0;
686;2024.05.15 09:45;4;24.625;-200;-200;1278;205;0;
687;2024.05.15 10:00;4;24.625;-200;-200;1278;205;0;
688;2024.05.15 10:15;4;24.625;-200;-200;1278;205;0;
689;2024.05.15 10:30;4;24.625;-200;-200;1278;205;0;
690;2024.05.15 10:45;4;24.625;-200;-200;1278;205;0;
691;2024.05.15 11:00;4;24.625;-200;-200;1278;205;0;
692;2024.05.15 11:15;4;24.625;-200;-200;1278;205;0;
693;2024.05.15 11:30;4;24.625;-200;-200;1278;205;0;
694;2024.05.15 11:45;4;24.625;-200;-200;1278;205;0;
695;2024.05.15 12:00;4;24.625;-200;-200;1278;205;0;
696;2024.05.15 12:15;4;24.5625;-200;-200;1278;205;0;
697;2024.05.15 12:30;4;24.5625;-200;-200;1278;205;0;
698;2024.05.15 12:45;4;24.5625;-200;-200;1278;205;0;
699;2024.05.15 13:00;4;24.5625;-200;-200;1278;205;0;
700;2024.05.15 13:15;4;24.5;-200;-200;1278;205;0;
701;2024.05.15 13:30;4;24.5;-200;-200;1278;205;0;
702;2024.05.15 13:45;4;24.5;-200;-200;1278;205;0;
703;2024.05.15 14:00;4;24.5;-200;-200;1278;205;0;
704;2024.05.15 14:15;4;24.5;-200;-200;1278;205;0;
705;2024.05.15 14:30;4;24.5;-200;-200;1278;205;0;
706;2024.05.15 14:45;4;24.5;-200;-200;1278;205;0;
707;2024.05.15 15:00;4;24.5;-200;-200;1278;205;0;
708;2024.05.15 15:15;4;24.4375;-200;-200;1278;205;0;
709;2024.05.15 15:30;4;24.375;-200;-200;1278;205;0;
710;2024.05.15 15:45;4;24.25;-200;-200;1278;205;0;
711;2024.05.15 16:00;4;24.25;-200;-200;1278;205;0;
712;2024.05.15 16:15;4;24.125;-200;-200;1278;205;0;
713;2024.05.15 16:30;4;24.125;-200;-200;1278;205;0;
714;2024.05.15 16:45;4;24.0625;-200;-200;1278;205;0;
715;2024.05.15 17:00;4;24;-200;-200;1278;205;0;
716;2024.05.15 17:15;4;24;-200;-200;1278;205;0;
717;2024.05.15 17:30;4;24;-200;-200;1278;205;0;
718;2024.05.15 17:45;4;23.9375;-200;-200;1278;205;0;
719;2024.05.15 18:00;4;23.9375;-200;-200;1278;205;0;
720;2024.05.15 18:15;4;23.875;-200;-200;1278;205;0;
721;2024.05.15 18:30;4;23.875;-200;-200;1278;205;0;
722;2024.05.15 18:45;4;23.875;-200;-200;1278;205;0;
723;2024.05.15 19:00;4;23.875;-200;-200;1278;205;0;
724;2024.05.15 19:15;4;23.8125;-200;-200;1278;205;0;
725;2024.05.15 19:30;4;23.75;-200;-200;1278;205;0;
726;2024.05.15 19:45;4;23.6875;-200;-200;1278;205;0;
727;2024.05.15 20:00;4;23.625;-200;-200;1278;205;0;
728;2024.05.15 20:15;4;23.625;-200;-200;1278;205;0;
729;2024.05.15 20:30;4;23.625;-200;-200;1278;205;0;
730;2024.05.15 20:45;4;23.625;-200;-200;1278;205;0;
731;2024.05.15 21:00;4;23.5625;-200;-200;1278;205;0;
732;2024.05.15 21:15;4;23.5625;-200;-200;1278;205;0;
733;2024.05.15 21:30;4;23.5625;-200;-200;1278;205;0;
734;2024.05.15 21:45;4;23.5;-200;-200;1278;205;0;
735;2024.05.15 22:00;4;23.5;-200;-200;1278;205;0;
736;2024.05.15 22:15;4;23.5;-200;-200;1278;205;0;
737;2024.05.15 22:30;4;23.5;-200;-200;1278;205;0;
738;2024.05.15 22:45;4;23.5;-200;-200;1278;205;0;
739;2024.05.15 23:00;4;23.4375;-200;-200;1278;205;0;
740;2024.05.15 23:15;4;23.375;-200;-200;1278;205;0;
741;2024.05.15 23:30;4;23.375;-200;-200;1278;205;0;
742;2024.05.15 23:45;4;23.375;-200;-200;1278;205;0;
743;2024.05.16 00:00;4;23.375;-200;-200;1278;205;0;
744;2024.05.16 00:15;4;23.3125;-200;-200;1278;205;0;
745;2024.05.16 00:30;4;23.3125;-200;-200;1278;205;0;
746;2024.05.16 00:45;4;23.25;-200;-200;1278;205;0;
747;2024.05.16 01:00;4;23.25;-200;-200;1278;205;0;
748;2024.05.16 01:15;4;23.25;-200;-200;1278;205;0;
749;2024.05.16 01:30;4;23.25;-200;-200;1278;205;0;
750;2024.05.16 01:45;4;23.25;-200;-200;1278;205;0;
751;2024.05.16 02:00;4;23.1875;-200;-200;1278;205;0;
752;2024.05.16 02:15;4;23.1875;-200;-200;1278;205;0;
753;2024.05.16 02:30;4;23.1875;-200;-200;1278;205;0;
754;2024.05.16 02:45;4;23.125;-200;-200;1278;205;0;
755;2024.05.16 03:00;4;23.125;-200;-200;1278;205;0;
756;2024.05.16 03:15;4;23.125;-200;-200;1278;205;0;
757;2024.05.16 03:30;4;23.125;-200;-200;1278;205;0;
758;2024.05.16 03:45;4;23.125;-200;-200;1278;205;0;
759;2024.05.16 04:00;4;23.125;-200;-200;1278;205;0;
760;2024.05.16 04:15;4;23.125;-200;-200;1278;205;0;
761;2024.05.16 04:30;4;23.125;-200;-200;1278;205;0;
762;2024.05.16 04:45;4;23.125;-200;-200;1278;205;0;
763;2024.05.16 05:00;4;23.125;-200;-200;1278;205;0;
764;2024.05.16 05:15;4;23.125;-200;-200;1278;205;0;
765;2024.05.16 05:30;4;23.125;-200;-200;1278;205;0;
766;2024.05.16 05:45;4;23.125;-200;-200;1278;205;0;
767;2024.05.16 06:00;4;23.125;-200;-200;1278;205;0;
768;2024.05.16 06:15;4;23.0625;-200;-200;1278;205;0;
769;2024.05.16 06:30;4;23.0625;-200;-200;1278;205;0;
770;2024.05.16 06:45;4;23.0625;-200;-200;1278;205;0;
771;2024.05.16 07:00;4;23;-200;-200;1278;205;0;
772;2024.05.16 07:15;4;23;-200;-200;1278;205;0;
773;2024.05.16 07:30;4;23;-200;-200;1278;205;0;
774;2024.05.16 07:45;4;23;-200;-200;1278;205;0;
775;2024.05.16 08:00;4;23;-200;-200;1278;205;0;
776;2024.05.16 08:15;4;23;-200;-200;1278;205;0;
777;2024.05.16 08:30;4;23;-200;-200;1278;205;0;
778;2024.05.16 08:45;4;23;-200;-200;1278;205;0;
779;2024.05.16 09:00;4;23;-200;-200;1278;205;0;
780;2024.05.16 09:15;4;23;-200;-200;1278;205;0;
781;2024.05.16 09:30;4;23;-200;-200;1278;205;0;
782;2024.05.16 09:45;4;23;-200;-200;1278;205;0;
783;2024.05.16 10:00;4;22.9375;-200;-200;1278;205;0;
784;2024.05.16 10:15;4;22.9375;-200;-200;1278;205;0;
785;2024.05.16 10:30;4;22.9375;-200;-200;1278;205;0;
786;2024.05.16 10:45;4;22.9375;-200;-200;1278;205;0;
787;2024.05.16 11:00;4;22.9375;-200;-200;1278;205;0;
788;2024.05.16 11:15;4;22.9375;-200;-200;1278;205;0;
789;2024.05.16 11:30;4;22.9375;-200;-200;1278;205;0;
790;2024.05.16 11:45;4;22.9375;-200;-200;1278;205;0;
791;2024.05.16 12:00;4;22.9375;-200;-200;1278;205;0;
792;2024.05.16 12:15;4;22.875;-200;-200;1278;205;0;
793;2024.05.16 12:30;4;22.9375;-200;-200;1278;205;0;
794;2024.05.16 12:45;4;22.9375;-200;-200;1278;205;0;
795;2024.05.16 13:00;4;22.9375;-200;-200;1278;205;0;
796;2024.05.16 13:15;4;22.875;-200;-200;1278;205;0;
797;2024.05.16 13:30;4;22.875;-200;-200;1278;205;0;
798;2024.05.16 13:45;4;22.875;-200;-200;1278;205;0;
799;2024.05.16 14:00;4;22.875;-200;-200;1278;205;0;
800;2024.05.16 14:15;4;22.875;-200;-200;1278;205;0;
801;2024.05.16 14:30;4;22.875;-200;-200;1278;205;0;
802;2024.05.16 14:45;4;22.875;-200;-200;1278;205;0;
803;2024.05.16 15:00;4;22.875;-200;-200;1278;205;0;
804;2024.05.16 15:15;4;22.875;-200;-200;1278;205;0;
805;2024.05.16 15:30;4;22.8125;-200;-200;1278;205;0;
806;2024.05.16 15:45;4;22.8125;-200;-200;1278;205;0;
807;2024.05.16 16:00;4;22.75;-200;-200;1278;205;0;
808;2024.05.16 16:15;4;22.75;-200;-200;1278;205;0;
809;2024.05.16 16:30;4;22.75;-200;-200;1278;205;0;
810;2024.05.16 16:45;4;22.75;-200;-200;1278;205;0;
811;2024.05.16 17:00;4;22.75;-200;-200;1278;205;0;
812;2024.05.16 17:15;4;22.75;-200;-200;1278;205;0;
813;2024.05.16 17:30;4;22.75;-200;-200;1278;205;0;
814;2024.05.16 17:45;4;22.75;-200;-200;1278;205;0;
815;2024.05.16 18:00;4;22.75;-200;-200;1278;205;0;
816;2024.05.16 18:15;4;22.75;-200;-200;1278;205;0;
817;2024.05.16 18:30;4;22.75;-200;-200;1278;205;0;
818;2024.05.16 18:45;4;22.75;-200;-200;1278;205;0;
819;2024.05.16 19:00;4;22.75;-200;-200;1278;205;0;
820;2024.05.16 19:15;4;22.8125;-200;-200;1278;205;0;
821;2024.05.16 19:30;4;22.8125;-200;-200;1278;205;0;
822;2024.05.16 19:45;4;22.8125;-200;-200;1278;205;0;
823;2024.05.16 20:00;4;22.875;-200;-200;1278;205;0;
824;2024.05.16 20:15;4;22.875;-200;-200;1278;205;0;
825;2024.05.16 20:30;4;22.875;-200;-200;1278;205;0;
826;2024.05.16 20:45;4;22.875;-200;-200;1278;205;0;
827;2024.05.16 21:00;4;22.875;-200;-200;1278;205;0;
828;2024.05.16 21:15;4;22.875;-200;-200;1278;205;0;
829;2024.05.16 21:30;4;22.875;-200;-200;1278;205;0;
830;2024.05.16 21:45;4;22.9375;-200;-200;1278;205;0;
831;2024.05.16 22:00;4;22.9375;-200;-200;1278;205;0;
832;2024.05.16 22:15;4;23;-200;-200;1278;205;0;
833;2024.05.16 22:30;4;23;-200;-200;1278;205;0;
834;2024.05.16 22:45;4;23;-200;-200;1278;205;0;
835;2024.05.16 23:00;4;23;-200;-200;1278;205;0;
836;2024.05.16 23:15;4;23;-200;-200;1278;205;0;
837;2024.05.16 23:30;4;23;-200;-200;1278;205;0;
838;2024.05.16 23:45;4;23;-200;-200;1278;205;0;
839;2024.05.17 00:00;4;23;-200;-200;1278;205;0;
840;2024.05.17 00:15;4;23.0625;-200;-200;1278;205;0;
841;2024.05.17 00:30;4;23.0625;-200;-200;1278;205;0;
842;2024.05.17 00:45;4;23.125;-200;-200;1278;205;0;
843;2024.05.17 01:00;4;23.125;-200;-200;1278;205;0;
844;2024.05.17 01:15;4;23.125;-200;-200;1278;205;0;
845;2024.05.17 01:30;4;23.125;-200;-200;1278;205;0;
846;2024.05.17 01:45;4;23.125;-200;-200;1278;205;0;
847;2024.05.17 02:00;4;23.125;-200;-200;1278;205;0;
848;2024.05.17 02:15;4;23.125;-200;-200;1278;205;0;
849;2024.05.17 02:30;4;23.125;-200;-200;1278;205;0;
850;2024.05.17 02:45;4;23.125;-200;-200;1278;205;0;
851;2024.05.17 03:00;4;23.125;-200;-200;1278;205;0;
852;2024.05.17 03:15;4;23.125;-200;-200;1278;205;0;
853;2024.05.17 03:30;4;23.125;-200;-200;1278;205;0;
854;2024.05.17 03:45;4;23.125;-200;-200;1278;205;0;
855;2024.05.17 04:00;4;23.125;-200;-200;1278;205;0;
856;2024.05.17 04:15;4;23.125;-200;-200;1278;205;0;
857;2024.05.17 04:30;4;23.125;-200;-200;1278;205;0;
858;2024.05.17 04:45;4;23.125;-200;-200;1278;205;0;
859;2024.05.17 05:00;4;23.125;-200;-200;1278;205;0;
860;2024.05.17 05:15;4;23.125;-200;-200;1278;205;0;
861;2024.05.17 05:30;4;23.125;-200;-200;1278;205;0;
862;2024.05.17 05:45;4;23.125;-200;-200;1278;205;0;
863;2024.05.17 06:00;4;23.125;-200;-200;1278;205;0;
864;2024.05.17 06:15;4;23.125;-200;-200;1278;205;0;
865;2024.05.17 06:30;4;23.125;-200;-200;1278;205;0;
866;2024.05.17 06:45;4;23.125;-200;-200;1278;205;0;
867;2024.05.17 07:00;4;23.125;-200;-200;1278;205;0;
868;2024.05.17 07:15;4;23.125;-200;-200;1278;205;0;
869;2024.05.17 07:30;4;23.125;-200;-200;1278;205;0;
870;2024.05.17 07:45;4;23.125;-200;-200;1278;205;0;
871;2024.05.17 08:00;4;23.125;-200;-200;1278;205;0;
872;2024.05.17 08:15;4;23.125;-200;-200;1278;205;0;
873;2024.05.17 08:30;4;23.125;-200;-200;1278;205;0;
874;2024.05.17 08:45;4;23.125;-200;-200;1278;205;0;
875;2024.05.17 09:00;4;23.125;-200;-200;1278;205;0;
876;2024.05.17 09:15;4;23.125;-200;-200;1278;205;0;
877;2024.05.17 09:30;4;23.125;-200;-200;1278;205;0;
878;2024.05.17 09:45;4;23.0625;-200;-200;1278;205;0;
879;2024.05.17 10:00;4;23.0625;-200;-200;1278;205;0;
880;2024.05.17 10:15;4;23.0625;-200;-200;1278;205;0;
881;2024.05.17 10:30;4;23.0625;-200;-200;1278;205;0;
882;2024.05.17 10:45;4;23;-200;-200;1278;205;0;
883;2024.05.17 11:00;4;23;-200;-200;1278;205;0;
884;2024.05.17 11:15;4;23;-200;-200;1278;205;0;
885;2024.05.17 11:30;4;23;-200;-200;1278;205;0;
886;2024.05.17 11:45;4;23;-200;-200;1278;205;0;
887;2024.05.17 12:00;4;23;-200;-200;1278;205;0;
888;2024.05.17 12:15;4;23;-200;-200;1278;205;0;
889;2024.05.17 12:30;4;23;-200;-200;1278;205;0;
890;2024.05.17 12:45;4;23;-200;-200;1278;205;0;
891;2024.05.17 13:00;4;22.9375;-200;-200;1278;205;0;
892;2024.05.17 13:15;4;22.875;-200;-200;1278;205;0;
893;2024.05.17 13:30;4;22.875;-200;-200;1278;205;0;
894;2024.05.17 13:45;4;22.875;-200;-200;1278;205;0;
895;2024.05.17 14:00;4;22.875;-200;-200;1278;205;0;
896;2024.05.17 14:15;4;22.875;-200;-200;1278;205;0;
897;2024.05.17 14:30;4;22.8125;-200;-200;1278;205;0;
898;2024.05.17 14:45;4;22.8125;-200;-200;1278;205;0;
899;2024.05.17 15:00;4;22.8125;-200;-200;1278;205;0;
900;2024.05.17 15:15;4;22.8125;-200;-200;1278;205;0;
901;2024.05.17 15:30;4;22.8125;-200;-200;1278;205;0;
902;2024.05.17 15:45;4;22.75;-200;-200;1278;205;0;
903;2024.05.17 16:00;4;22.75;-200;-200;1278;205;0;
904;2024.05.17 16:15;4;22.8125;-200;-200;1278;205;0;
905;2024.05.17 16:30;4;22.75;-200;-200;1278;205;0;
906;2024.05.17 16:45;4;22.75;-200;-200;1278;205;0;
907;2024.05.17 17:00;4;22.75;-200;-200;1278;205;0;
908;2024.05.17 17:15;4;22.75;-200;-200;1278;205;0;
909;2024.05.17 17:30;4;22.75;-200;-200;1278;205;0;
910;2024.05.17 17:45;4;22.75;-200;-200;1278;205;0;
911;2024.05.17 18:00;4;22.8125;-200;-200;1278;205;0;
912;2024.05.17 18:15;4;22.8125;-200;-200;1278;205;0;
913;2024.05.17 18:30;4;22.8125;-200;-200;1278;205;0;
914;2024.05.17 18:45;4;22.8125;-200;-200;1278;205;0;
915;2024.05.17 19:00;4;22.8125;-200;-200;1278;205;0;
916;2024.05.17 19:15;4;22.8125;-200;-200;1278;205;0;
917;2024.05.17 19:30;4;22.8125;-200;-200;1278;205;0;
918;2024.05.17 19:45;4;22.8125;-200;-200;1278;205;0;
919;2024.05.17 20:00;4;22.8125;-200;-200;1278;205;0;
920;2024.05.17 20:15;4;22.8125;-200;-200;1278;205;0;
921;2024.05.17 20:30;4;22.8125;-200;-200;1278;205;0;
922;2024.05.17 20:45;4;22.8125;-200;-200;1278;205;0;
923;2024.05.17 21:00;4;22.8125;-200;-200;1278;205;0;
924;2024.05.17 21:15;4;22.8125;-200;-200;1278;205;0;
925;2024.05.17 21:30;4;22.8125;-200;-200;1278;205;0;
926;2024.05.17 21:45;4;22.875;-200;-200;1278;205;0;
927;2024.05.17 22:00;4;22.8125;-200;-200;1278;205;0;
928;2024.05.17 22:15;4;22.8125;-200;-200;1278;205;0;
929;2024.05.17 22:30;4;22.875;-200;-200;1278;205;0;
930;2024.05.17 22:45;4;22.8125;-200;-200;1278;205;0;
931;2024.05.17 23:00;4;22.8125;-200;-200;1278;205;0;
932;2024.05.17 23:15;4;22.8125;-200;-200;1278;205;0;
933;2024.05.17 23:30;4;22.8125;-200;-200;1278;205;0;
934;2024.05.17 23:45;4;22.8125;-200;-200;1278;205;0;
935;2024.05.18 00:00;4;22.8125;-200;-200;1278;205;0;
936;2024.05.18 00:15;4;22.8125;-200;-200;1278;205;0;
937;2024.05.18 00:30;4;22.8125;-200;-200;1278;205;0;
938;2024.05.18 00:45;4;22.8125;-200;-200;1278;205;0;
939;2024.05.18 01:00;4;22.8125;-200;-200;1278;205;0;
940;2024.05.18 01:15;4;22.8125;-200;-200;1278;205;0;
941;2024.05.18 01:30;4;22.8125;-200;-200;1278;205;0;
942;2024.05.18 01:45;4;22.8125;-200;-200;1278;205;0;
943;2024.05.18 02:00;4;22.8125;-200;-200;1278;205;0;
944;2024.05.18 02:15;4;22.8125;-200;-200;1278;205;0;
945;2024.05.18 02:30;4;22.8125;-200;-200;1278;205;0;
946;2024.05.18 02:45;4;22.8125;-200;-200;1278;205;0;
947;2024.05.18 03:00;4;22.8125;-200;-200;1278;205;0;
948;2024.05.18 03:15;4;22.8125;-200;-200;1278;205;0;
949;2024.05.18 03:30;4;22.8125;-200;-200;1278;205;0;
950;2024.05.18 03:45;4;22.8125;-200;-200;1278;205;0;
951;2024.05.18 04:00;4;22.8125;-200;-200;1278;205;0;
952;2024.05.18 04:15;4;22.8125;-200;-200;1278;205;0;
953;2024.05.18 04:30;4;22.8125;-200;-200;1278;205;0;
954;2024.05.18 04:45;4;22.8125;-200;-200;1278;205;0;
955;2024.05.18 05:00;4;22.8125;-200;-200;1278;205;0;
956;2024.05.18 05:15;4;22.8125;-200;-200;1278;205;0;
957;2024.05.18 05:30;4;22.875;-200;-200;1278;205;0;
958;2024.05.18 05:45;4;22.8125;-200;-200;1278;205;0;
959;2024.05.18 06:00;4;22.8125;-200;-200;1278;205;0;
960;2024.05.18 06:15;4;22.8125;-200;-200;1278;205;0;
961;2024.05.18 06:30;4;22.8125;-200;-200;1278;205;0;
962;2024.05.18 06:45;4;22.8125;-200;-200;1278;205;0;
963;2024.05.18 07:00;4;22.8125;-200;-200;1278;205;0;
964;2024.05.18 07:15;4;22.8125;-200;-200;1278;205;0;
965;2024.05.18 07:30;4;22.8125;-200;-200;1278;205;0;
966;2024.05.18 07:45;4;22.8125;-200;-200;1278;205;0;
967;2024.05.18 08:00;4;22.75;-200;-200;1278;205;0;
968;2024.05.18 08:15;4;22.75;-200;-200;1278;205;0;
969;2024.05.18 08:30;4;22.75;-200;-200;1278;205;0;
970;2024.05.18 08:45;4;22.75;-200;-200;1278;205;0;
971;2024.05.18 09:00;4;22.75;-200;-200;1278;205;0;
972;2024.05.18 09:15;4;22.75;-200;-200;1278;205;0;
973;2024.05.18 09:30;4;22.75;-200;-200;1278;205;0;
974;2024.05.18 09:45;4;22.75;-200;-200;1278;205;0;
975;2024.05.18 10:00;4;22.75;-200;-200;1278;205;0;
976;2024.05.18 10:15;4;22.75;-200;-200;1278;205;0;
977;2024.05.18 10:30;4;22.75;-200;-200;1278;205;0;
978;2024.05.18 10:45;4;22.75;-200;-200;1278;205;0;
979;2024.05.18 11:00;4;22.75;-200;-200;1278;205;0;
980;2024.05.18 11:15;4;22.6875;-200;-200;1278;205;0;
981;2024.05.18 11:30;4;22.6875;-200;-200;1278;205;0;
982;2024.05.18 11:45;4;22.6875;-200;-200;1278;205;0;
983;2024.05.18 12:00;4;22.625;-200;-200;1278;205;0;
984;2024.05.18 12:15;4;22.625;-200;-200;1278;205;0;
985;2024.05.18 12:30;4;22.625;-200;-200;1278;205;0;
986;2024.05.18 12:45;4;22.625;-200;-200;1278;205;0;
987;2024.05.18 13:00;4;22.625;-200;-200;1278;205;0;
988;2024.05.18 13:15;4;22.625;-200;-200;1278;205;0;
989;2024.05.18 13:30;4;22.625;-200;-200;1278;205;0;
990;2024.05.18 13:45;4;22.625;-200;-200;1278;205;0;
991;2024.05.18 14:00;4;22.6875;-200;-200;1278;205;0;
992;2024.05.18 14:15;4;22.6875;-200;-200;1278;205;0;
993;2024.05.18 14:30;4;22.6875;-200;-200;1278;205;0;
994;2024.05.18 14:45;4;22.6875;-200;-200;1278;205;0;
995;2024.05.18 15:00;4;22.75;-200;-200;1278;205;0;
996;2024.05.18 15:15;4;22.75;-200;-200;1278;205;0;
997;2024.05.18 15:30;4;22.75;-200;-200;1278;205;0;
998;2024.05.18 15:45;4;22.75;-200;-200;1278;205;0;
999;2024.05.18 16:00;4;22.75;-200;-200;1278;205;0;
1000;2024.05.18 16:15;4;22.75;-200;-200;1278;205;0;
1001;2024.05.18 16:30;4;22.75;-200;-200;1278;205;0;
1002;2024.05.18 16:45;4;22.75;-200;-200;1278;205;0;
1003;2024.05.18 17:00;4;22.75;-200;-200;1278;205;0;
1004;2024.05.18 17:15;4;22.75;-200;-200;1278;205;0;
1005;2024.05.18 17:30;4;22.75;-200;-200;1278;205;0;
1006;2024.05.18 17:45;4;22.75;-200;-200;1278;205;0;
1007;2024.05.18 18:00;4;22.75;-200;-200;1278;205;0;
1008;2024.05.18 18:15;4;22.8125;-200;-200;1278;205;0;
1009;2024.05.18 18:30;4;22.75;-200;-200;1278;205;0;
1010;2024.05.18 18:45;4;22.8125;-200;-200;1278;205;0;
1011;2024.05.18 19:00;4;22.8125;-200;-200;1278;205;0;
1012;2024.05.18 19:15;4;22.8125;-200;-200;1278;205;0;
1013;2024.05.18 19:30;4;22.8125;-200;-200;1278;205;0;
1014;2024.05.18 19:45;4;22.8125;-200;-200;1278;205;0;
1015;2024.05.18 20:00;4;22.8125;-200;-200;1278;205;0;
1016;2024.05.18 20:15;4;22.8125;-200;-200;1278;205;0;
1017;2024.05.18 20:30;4;22.8125;-200;-200;1278;205;0;
1018;2024.05.18 20:45;4;22.8125;-200;-200;1278;205;0;
1019;2024.05.18 21:00;4;22.8125;-200;-200;1278;205;0;
1020;2024.05.18 21:15;4;22.8125;-200;-200;1278;205;0;
1021;2024.05.18 21:30;4;22.875;-200;-200;1278;205;0;
1022;2024.05.18 21:45;4;22.8125;-200;-200;1278;205;0;
1023;2024.05.18 22:00;4;22.875;-200;-200;1278;205;0;
1024;2024.05.18 22:15;4;22.875;-200;-200;1278;205;0;
1025;2024.05.18 22:30;4;22.875;-200;-200;1278;205;0;
1026;2024.05.18 22:45;4;22.875;-200;-200;1278;205;0;
1027;2024.05.18 23:00;4;22.875;-200;-200;1278;205;0;
1028;2024.05.18 23:15;4;22.875;-200;-200;1278;205;0;
1029;2024.05.18 23:30;4;22.875;-200;-200;1278;205;0;
1030;2024.05.18 23:45;4;22.875;-200;-200;1278;205;0;
1031;2024.05.19 00:00;4;22.875;-200;-200;1278;205;0;
1032;2024.05.19 00:15;4;22.875;-200;-200;1278;205;0;
1033;2024.05.19 00:30;4;22.875;-200;-200;1278;205;0;
1034;2024.05.19 00:45;4;22.875;-200;-200;1278;205;0;
1035;2024.05.19 01:00;4;22.875;-200;-200;1278;205;0;
1036;2024.05.19 01:15;4;22.875;-200;-200;1278;205;0;
1037;2024.05.19 01:30;4;22.875;-200;-200;1278;205;0;
1038;2024.05.19 01:45;4;22.875;-200;-200;1278;205;0;
1039;2024.05.19 02:00;4;22.875;-200;-200;1278;205;0;
1040;2024.05.19 02:15;4;22.875;-200;-200;1278;205;0;
1041;2024.05.19 02:30;4;22.875;-200;-200;1278;205;0;
1042;2024.05.19 02:45;4;22.875;-200;-200;1278;205;0;
1043;2024.05.19 03:00;4;22.875;-200;-200;1278;205;0;
1044;2024.05.19 03:15;4;22.875;-200;-200;1278;205;0;
1045;2024.05.19 03:30;4;22.9375;-200;-200;1278;205;0;
1046;2024.05.19 03:45;4;22.9375;-200;-200;1278;205;0;
1047;2024.05.19 04:00;4;22.9375;-200;-200;1278;205;0;
1048;2024.05.19 04:15;4;22.9375;-200;-200;1278;205;0;
1049;2024.05.19 04:30;4;22.9375;-200;-200;1278;205;0;
1050;2024.05.19 04:45;4;22.9375;-200;-200;1278;205;0;
1051;2024.05.19 05:00;4;22.9375;-200;-200;1278;205;0;
1052;2024.05.19 05:15;4;23;-200;-200;1278;205;0;
1053;2024.05.19 05:30;4;23;-200;-200;1278;205;0;
1054;2024.05.19 05:45;4;23;-200;-200;1278;205;0;
1055;2024.05.19 06:00;4;23;-200;-200;1278;205;0;
1056;2024.05.19 06:15;4;23;-200;-200;1278;205;0;
1057;2024.05.19 06:30;4;23;-200;-200;1278;205;0;
1058;2024.05.19 06:45;4;23;-200;-200;1278;205;0;
1059;2024.05.19 07:00;4;23;-200;-200;1278;205;0;
1060;2024.05.19 07:15;4;23;-200;-200;1278;205;0;
1061;2024.05.19 07:30;4;23;-200;-200;1278;205;0;
1062;2024.05.19 07:45;4;23;-200;-200;1278;205;0;
1063;2024.05.19 08:00;4;23;-200;-200;1278;205;0;
1064;2024.05.19 08:15;4;23;-200;-200;1278;205;0;
1065;2024.05.19 08:30;4;23;-200;-200;1278;205;0;
1066;2024.05.19 08:45;4;22.9375;-200;-200;1278;205;0;
1067;2024.05.19 09:00;4;23;-200;-200;1278;205;0;
1068;2024.05.19 09:15;4;22.9375;-200;-200;1278;205;0;
1069;2024.05.19 09:30;4;22.9375;-200;-200;1278;205;0;
1070;2024.05.19 09:45;4;22.9375;-200;-200;1278;205;0;
1071;2024.05.19 10:00;4;22.9375;-200;-200;1278;205;0;
1072;2024.05.19 10:15;4;22.9375;-200;-200;1278;205;0;
1073;2024.05.19 10:30;4;22.875;-200;-200;1278;205;0;
1074;2024.05.19 10:45;4;22.875;-200;-200;1278;205;0;
1075;2024.05.19 11:00;4;22.875;-200;-200;1278;205;0;
1076;2024.05.19 11:15;4;22.875;-200;-200;1278;205;0;
1077;2024.05.19 11:30;4;22.875;-200;-200;1278;205;0;
1078;2024.05.19 11:45;4;22.875;-200;-200;1278;205;0;
1079;2024.05.19 12:00;4;22.875;-200;-200;1278;205;0;
1080;2024.05.19 12:15;4;22.875;-200;-200;1278;205;0;
1081;2024.05.19 12:30;4;22.875;-200;-200;1278;205;0;
1082;2024.05.19 12:45;4;22.8125;-200;-200;1278;205;0;
1083;2024.05.19 13:00;4;22.8125;-200;-200;1278;205;0;
1084;2024.05.19 13:15;4;22.8125;-200;-200;1278;205;0;
1085;2024.05.19 13:30;4;22.8125;-200;-200;1278;205;0;
1086;2024.05.19 13:45;4;22.8125;-200;-200;1278;205;0;
1087;2024.05.19 14:00;4;22.8125;-200;-200;1278;205;0;
1088;2024.05.19 14:15;4;22.8125;-200;-200;1278;205;0;
1089;2024.05.19 14:30;4;22.8125;-200;-200;1278;205;0;
1090;2024.05.19 14:45;4;22.8125;-200;-200;1278;205;0;
1091;2024.05.19 15:00;4;22.875;-200;-200;1278;205;0;
1092;2024.05.19 15:15;4;22.875;-200;-200;1278;205;0;
1093;2024.05.19 15:30;4;22.875;-200;-200;1278;205;0;
1094;2024.05.19 15:45;4;22.875;-200;-200;1278;205;0;
1095;2024.05.19 16:00;4;22.875;-200;-200;1278;205;0;
1096;2024.05.19 16:15;4;22.875;-200;-200;1278;205;0;
1097;2024.05.19 16:30;4;22.875;-200;-200;1278;205;0;
1098;2024.05.19 16:45;4;22.875;-200;-200;1278;205;0;
1099;2024.05.19 17:00;4;22.875;-200;-200;1278;205;0;
1100;2024.05.19 17:15;4;22.875;-200;-200;1278;205;0;
1101;2024.05.19 17:30;4;22.875;-200;-200;1278;205;0;
1102;2024.05.19 17:45;4;22.875;-200;-200;1278;205;0;
1103;2024.05.19 18:00;4;22.875;-200;-200;1278;205;0;
1104;2024.05.19 18:15;4;22.875;-200;-200;1278;205;0;
1105;2024.05.19 18:30;4;22.875;-200;-200;1278;205;0;
1106;2024.05.19 18:45;4;22.875;-200;-200;1278;205;0;
1107;2024.05.19 19:00;4;22.875;-200;-200;1278;205;0;
1108;2024.05.19 19:15;4;22.875;-200;-200;1278;205;0;
1109;2024.05.19 19:30;4;22.875;-200;-200;1278;205;0;
1110;2024.05.19 19:45;4;22.875;-200;-200;1278;205;0;
1111;2024.05.19 20:00;4;22.875;-200;-200;1278;205;0;
1112;2024.05.19 20:15;4;22.875;-200;-200;1278;205;0;
1113;2024.05.19 20:30;4;22.875;-200;-200;1278;205;0;
1114;2024.05.19 20:45;4;22.875;-200;-200;1278;205;0;
1115;2024.05.19 21:00;4;22.875;-200;-200;1278;205;0;
1116;2024.05.19 21:15;4;22.875;-200;-200;1278;205;0;
1117;2024.05.19 21:30;4;22.875;-200;-200;1278;205;0;
1118;2024.05.19 21:45;4;22.875;-200;-200;1278;205;0;
1119;2024.05.19 22:00;4;22.875;-200;-200;1278;205;0;
1120;2024.05.19 22:15;4;22.875;-200;-200;1278;205;0;
1121;2024.05.19 22:30;4;22.875;-200;-200;1278;205;0;
1122;2024.05.19 22:45;4;22.875;-200;-200;1278;205;0;
1123;2024.05.19 23:00;4;22.875;-200;-200;1278;205;0;
1124;2024.05.19 23:15;4;22.875;-200;-200;1278;205;0;
1125;2024.05.19 23:30;4;22.875;-200;-200;1278;205;0;
1126;2024.05.19 23:45;4;22.875;-200;-200;1278;205;0;
1127;2024.05.20 00:00;4;22.875;-200;-200;1278;205;0;
1128;2024.05.20 00:15;4;22.875;-200;-200;1278;205;0;
1129;2024.05.20 00:30;4;22.875;-200;-200;1278;205;0;
1130;2024.05.20 00:45;4;22.875;-200;-200;1278;205;0;
1131;2024.05.20 01:00;4;22.875;-200;-200;1278;205;0;
1132;2024.05.20 01:15;4;22.875;-200;-200;1278;205;0;
1133;2024.05.20 01:30;4;22.875;-200;-200;1278;205;0;
1134;2024.05.20 01:45;4;22.875;-200;-200;1278;205;0;
1135;2024.05.20 02:00;4;22.875;-200;-200;1278;205;0;
1136;2024.05.20 02:15;4;22.875;-200;-200;1278;205;0;
1137;2024.05.20 02:30;4;22.9375;-200;-200;1278;205;0;
1138;2024.05.20 02:45;4;22.9375;-200;-200;1278;205;0;
1139;2024.05.20 03:00;4;22.9375;-200;-200;1278;205;0;
1140;2024.05.20 03:15;4;22.9375;-200;-200;1278;205;0;
1141;2024.05.20 03:30;4;22.9375;-200;-200;1278;205;0;
1142;2024.05.20 03:45;4;22.9375;-200;-200;1278;205;0;
1143;2024.05.20 04:00;4;22.9375;-200;-200;1278;205;0;
1144;2024.05.20 04:15;4;22.9375;-200;-200;1278;205;0;
1145;2024.05.20 04:30;4;22.9375;-200;-200;1278;205;0;
1146;2024.05.20 04:45;4;23;-200;-200;1278;205;0;
1147;2024.05.20 05:00;4;23;-200;-200;1278;205;0;
1148;2024.05.20 05:15;4;23;-200;-200;1278;205;0;
1149;2024.05.20 05:30;4;23;-200;-200;1278;205;0;
1150;2024.05.20 05:45;4;23;-200;-200;1278;205;0;
1151;2024.05.20 06:00;4;22.9375;-200;-200;1278;205;0;
1152;2024.05.20 06:15;4;23;-200;-200;1278;205;0;
1153;2024.05.20 06:30;4;23;-200;-200;1278;205;0;
1154;2024.05.20 06:45;4;22.9375;-200;-200;1278;205;0;
1155;2024.05.20 07:00;4;22.9375;-200;-200;1278;205;0;
1156;2024.05.20 07:15;4;22.9375;-200;-200;1278;205;0;
1157;2024.05.20 07:30;4;22.9375;-200;-200;1278;205;0;
1158;2024.05.20 07:45;4;22.9375;-200;-200;1278;205;0;
1159;2024.05.20 08:00;4;22.9375;-200;-200;1278;205;0;
1160;2024.05.20 08:15;4;22.9375;-200;-200;1278;205;0;
1161;2024.05.20 08:30;4;22.9375;-200;-200;1278;205;0;
1162;2024.05.20 08:45;4;22.9375;-200;-200;1278;205;0;
1163;2024.05.20 09:00;4;22.9375;-200;-200;1278;205;0;
1164;2024.05.20 09:15;4;22.875;-200;-200;1278;205;0;
1165;2024.05.20 09:30;4;22.875;-200;-200;1278;205;0;
1166;2024.05.20 09:45;4;22.875;-200;-200;1278;205;0;
1167;2024.05.20 10:00;4;22.875;-200;-200;1278;205;0;
1168;2024.05.20 10:15;4;22.875;-200;-200;1278;205;0;
1169;2024.05.20 10:30;4;22.875;-200;-200;1278;205;0;
1170;2024.05.20 10:45;4;22.875;-200;-200;1278;205;0;
1171;2024.05.20 11:00;4;22.875;-200;-200;1278;205;0;
1172;2024.05.20 11:15;4;22.8125;-200;-200;1278;205;0;
1173;2024.05.20 11:30;4;22.8125;-200;-200;1278;205;0;
1174;2024.05.20 11:45;4;22.8125;-200;-200;1278;205;0;
1175;2024.05.20 12:00;4;22.75;-200;-200;1278;205;0;
1176;2024.05.20 12:15;4;22.75;-200;-200;1278;205;0;
1177;2024.05.20 12:30;4;22.75;-200;-200;1278;205;0;
1178;2024.05.20 12:45;4;22.75;-200;-200;1278;205;0;
1179;2024.05.20 13:00;4;22.75;-200;-200;1278;205;0;
1180;2024.05.20 13:15;4;22.75;-200;-200;1278;205;0;
1181;2024.05.20 13:30;4;22.75;-200;-200;1278;205;0;
1182;2024.05.20 13:45;4;22.75;-200;-200;1278;205;0;
1183;2024.05.20 14:00;4;22.75;-200;-200;1278;205;0;
1184;2024.05.20 14:15;4;22.75;-200;-200;1278;205;0;
1185;2024.05.20 14:30;4;22.75;-200;-200;1278;205;0;
1186;2024.05.20 14:45;4;22.75;-200;-200;1278;205;0;
1187;2024.05.20 15:00;4;22.75;-200;-200;1278;205;0;
1188;2024.05.20 15:15;4;22.75;-200;-200;1278;205;0;
1189;2024.05.20 15:30;4;22.8125;-200;-200;1278;205;0;
1190;2024.05.20 15:45;4;22.8125;-200;-200;1278;205;0;
1191;2024.05.20 16:00;4;22.875;-200;-200;1278;205;0;
1192;2024.05.20 16:15;4;22.875;-200;-200;1278;205;0;
1193;2024.05.20 16:30;4;22.875;-200;-200;1278;205;0;
1194;2024.05.20 16:45;4;22.9375;-200;-200;1278;205;0;
1195;2024.05.20 17:00;4;23;-200;-200;1278;205;0;
1196;2024.05.20 17:15;4;23;-200;-200;1278;205;0;
1197;2024.05.20 17:30;4;23;-200;-200;1278;205;0;
1198;2024.05.20 17:45;4;23;-200;-200;1278;205;0;
1199;2024.05.20 18:00;4;23.0625;-200;-200;1278;205;0;
1200;2024.05.20 18:15;4;23.0625;-200;-200;1278;205;0;
1201;2024.05.20 18:30;4;23.0625;-200;-200;1278;205;0;
1202;2024.05.20 18:45;4;23.125;-200;-200;1278;205;0;
1203;2024.05.20 19:00;4;23.125;-200;-200;1278;205;0;
1204;2024.05.20 19:15;4;23.125;-200;-200;1278;205;0;
1205;2024.05.20 19:30;4;23.125;-200;-200;1278;205;0;
1206;2024.05.20 19:45;4;23.125;-200;-200;1278;205;0;
1207;2024.05.20 20:00;4;23.1875;-200;-200;1278;205;0;
1208;2024.05.20 20:15;4;23.1875;-200;-200;1278;205;0;
1209;2024.05.20 20:30;4;23.25;-200;-200;1278;205;0;
1210;2024.05.20 20:45;4;23.25;-200;-200;1278;205;0;
1211;2024.05.20 21:00;4;23.25;-200;-200;1278;205;0;
1212;2024.05.20 21:15;4;23.25;-200;-200;1278;205;0;
1213;2024.05.20 21:30;4;23.25;-200;-200;1278;205;0;
1214;2024.05.20 21:45;4;23.25;-200;-200;1278;205;0;
1215;2024.05.20 22:00;4;23.25;-200;-200;1278;205;0;
1216;2024.05.20 22:15;4;23.25;-200;-200;1278;205;0;
1217;2024.05.20 22:30;4;23.25;-200;-200;1278;205;0;
1218;2024.05.20 22:45;4;23.25;-200;-200;1278;205;0;
1219;2024.05.20 23:00;4;23.25;-200;-200;1278;205;0;
1220;2024.05.20 23:15;4;23.25;-200;-200;1278;205;0;
1221;2024.05.20 23:30;4;23.25;-200;-200;1278;205;0;
1222;2024.05.20 23:45;4;23.25;-200;-200;1278;205;0;
