date;filename;fileSize;dataCount
2024.11.14 12:06:29;C:\Program Files (x86)\Lolly\DATA\data_92245520_2024_11_14_0.csv;984340;18293
2024.11.14 12:10:03;C:\Program Files (x86)\Lolly\DATA\data_92245517_2024_11_14_0.csv;984514;18292
2024.11.14 12:11:12;C:\Program Files (x86)\Lolly\DATA\data_92245516_2024_11_14_0.csv;984314;18292
2024.11.14 12:12:25;C:\Program Files (x86)\Lolly\DATA\data_92245519_2024_11_14_0.csv;984246;18292
2024.11.14 12:13:39;C:\Program Files (x86)\Lolly\DATA\data_92245518_2024_11_14_0.csv;984279;18292
2024.11.14 12:18:54;C:\Program Files (x86)\Lolly\DATA\data_92245471_2024_11_14_0.csv;980459;18363
2024.11.14 12:19:57;C:\Program Files (x86)\Lolly\DATA\data_92245472_2024_11_14_0.csv;981271;18363
2024.11.14 12:22:02;C:\Program Files (x86)\Lolly\DATA\data_92245475_2024_11_14_0.csv;981011;18363
2024.11.14 12:22:48;C:\Program Files (x86)\Lolly\DATA\data_92245474_2024_11_14_0.csv;980448;18363
2024.11.14 12:23:49;C:\Program Files (x86)\Lolly\DATA\data_92245473_2024_11_14_0.csv;980257;18363
2024.11.14 12:26:49;C:\Program Files (x86)\Lolly\DATA\data_92245478_2024_11_14_0.csv;980726;18362
2024.11.14 12:27:36;C:\Program Files (x86)\Lolly\DATA\data_92245477_2024_11_14_0.csv;980730;18363
2024.11.14 12:28:26;C:\Program Files (x86)\Lolly\DATA\data_92245476_2024_11_14_0.csv;980842;18363
2024.11.14 12:30:01;C:\Program Files (x86)\Lolly\DATA\data_92245480_2024_11_14_0.csv;980237;18362
2024.11.14 12:31:09;C:\Program Files (x86)\Lolly\DATA\data_92245479_2024_11_14_0.csv;980383;18363
2024.11.15 12:32:31;C:\Program Files (x86)\Lolly\DATA\data_92245500_2024_11_15_0.csv;995902;18390
2024.11.15 12:35:25;C:\Program Files (x86)\Lolly\DATA\data_92245505_2024_11_15_0.csv;982738;18390
2024.11.15 12:36:40;C:\Program Files (x86)\Lolly\DATA\data_92245502_2024_11_15_0.csv;956361;18390
2024.11.15 12:37:35;C:\Program Files (x86)\Lolly\DATA\data_92245521_2024_11_15_0.csv;982844;18390
2024.11.15 12:38:37;C:\Program Files (x86)\Lolly\DATA\data_92245504_2024_11_15_0.csv;982859;18390
2024.11.15 12:39:39;C:\Program Files (x86)\Lolly\DATA\data_92245503_2024_11_15_0.csv;982188;18390
2024.11.15 12:47:21;C:\Program Files (x86)\Lolly\DATA\data_92245501_2024_11_15_0.csv;988495;18391
2024.11.15 12:53:05;C:\Program Files (x86)\Lolly\DATA\data_92245487_2024_11_15_0.csv;949634;17927
2024.11.15 12:53:53;C:\Program Files (x86)\Lolly\DATA\data_92245488_2024_11_15_0.csv;983069;18391
2024.11.15 12:55:01;C:\Program Files (x86)\Lolly\DATA\data_92245522_2024_11_15_0.csv;1000818;18391
2024.11.15 12:56:06;C:\Program Files (x86)\Lolly\DATA\data_92245489_2024_11_15_0.csv;983842;18391
2024.11.15 12:57:13;C:\Program Files (x86)\Lolly\DATA\data_92245490_2024_11_15_0.csv;982973;18391
2024.11.15 13:02:50;C:\Program Files (x86)\Lolly\DATA\data_92245497_2024_11_15_0.csv;965322;18392
2024.11.15 13:06:36;C:\Program Files (x86)\Lolly\DATA\data_92245496_2024_11_15_0.csv;988107;18392
2024.11.15 13:08:34;C:\Program Files (x86)\Lolly\DATA\data_92245498_2024_11_15_0.csv;15;1
2024.11.15 13:10:17;C:\Program Files (x86)\Lolly\DATA\data_92245498_2024_11_15_1.csv;988017;18392
2024.11.15 13:17:06;C:\Program Files (x86)\Lolly\DATA\data_92245499_2024_11_15_0.csv;996045;18393
2024.11.21 10:52:37;C:\Program Files (x86)\Lolly\DATA\data_92245509_2024_11_21_0.csv;981930;18959
2024.11.21 10:56:07;C:\Program Files (x86)\Lolly\DATA\data_92245511_2024_11_21_0.csv;1012947;18960
2024.11.21 10:58:45;C:\Program Files (x86)\Lolly\DATA\data_92245510_2024_11_21_0.csv;1013467;18960
2024.11.21 11:00:20;C:\Program Files (x86)\Lolly\DATA\data_92245495_2024_11_21_0.csv;1000642;18960
2024.11.21 11:01:38;C:\Program Files (x86)\Lolly\DATA\data_92245507_2024_11_21_0.csv;1012389;18960
2024.11.21 11:03:04;C:\Program Files (x86)\Lolly\DATA\data_92245506_2024_11_21_0.csv;1012777;18960
2024.11.21 11:04:47;C:\Program Files (x86)\Lolly\DATA\data_92245512_2024_11_21_0.csv;1012505;18960
2024.11.21 11:05:49;C:\Program Files (x86)\Lolly\DATA\data_92245513_2024_11_21_0.csv;1012762;18960
2024.11.21 11:07:40;C:\Program Files (x86)\Lolly\DATA\data_92245514_2024_11_21_0.csv;1013110;18960
2024.11.21 11:08:34;C:\Program Files (x86)\Lolly\DATA\data_92245515_2024_11_21_0.csv;1011751;18960
2024.12.05 11:30:21;C:\Program Files (x86)\Lolly\DATA\data_92245500_2024_12_05_0.csv;1103562;20306
2024.12.05 11:43:12;C:\Program Files (x86)\Lolly\DATA\data_92245499_2024_12_05_0.csv;1103443;20306
2024.12.05 11:53:08;C:\Program Files (x86)\Lolly\DATA\data_92245498_2024_12_05_0.csv;1095325;20307
2024.12.05 11:55:44;C:\Program Files (x86)\Lolly\DATA\data_92245496_2024_12_05_0.csv;1095460;20307
2024.12.05 12:00:27;C:\Program Files (x86)\Lolly\DATA\data_92245497_2024_12_05_0.csv;206330;4103
2024.12.05 12:01:50;C:\Program Files (x86)\Lolly\DATA\data_92245497_2024_12_05_1.csv;1095776;20307
2024.12.05 12:06:10;C:\Program Files (x86)\Lolly\DATA\data_92245488_2024_12_05_0.csv;1090560;20308
2024.12.05 12:09:44;C:\Program Files (x86)\Lolly\DATA\data_92245487_2024_12_05_0.csv;1079777;20308
2024.12.05 12:11:09;C:\Program Files (x86)\Lolly\DATA\data_92245522_2024_12_05_0.csv;1108339;20308
2024.12.05 12:12:56;C:\Program Files (x86)\Lolly\DATA\data_92245489_2024_12_05_0.csv;1081567;20308
2024.12.05 12:14:34;C:\Program Files (x86)\Lolly\DATA\data_92245490_2024_12_05_0.csv;1083083;20308
2024.12.05 12:21:40;C:\Program Files (x86)\Lolly\DATA\data_92245501_2024_12_05_0.csv;119031;2375
2024.12.05 12:22:43;C:\Program Files (x86)\Lolly\DATA\data_92245501_2024_12_05_1.csv;1096223;20309
2024.12.05 12:26:07;C:\Program Files (x86)\Lolly\DATA\data_92245503_2024_12_05_0.csv;1089980;20309
2024.12.05 12:27:14;C:\Program Files (x86)\Lolly\DATA\data_92245505_2024_12_05_0.csv;1090450;20309
2024.12.05 12:29:46;C:\Program Files (x86)\Lolly\DATA\data_92245502_2024_12_05_0.csv;1090024;20309
2024.12.05 12:31:28;C:\Program Files (x86)\Lolly\DATA\data_92245521_2024_12_05_0.csv;1090706;20310
2024.12.05 12:34:21;C:\Program Files (x86)\Lolly\DATA\data_92245504_2024_12_05_0.csv;1090627;20310
2024.12.05 12:35:07;C:\Program Files (x86)\Lolly\DATA\data_92245505_2024_12_05_1.csv;1090506;20310
2024.12.12 10:09:42;C:\Program Files (x86)\Lolly\DATA\data_92245509_2024_12_12_0.csv;1102745;20972
2024.12.12 10:12:14;C:\Program Files (x86)\Lolly\DATA\data_92245511_2024_12_12_0.csv;1125724;20973
2024.12.12 10:14:45;C:\Program Files (x86)\Lolly\DATA\data_92245510_2024_12_12_0.csv;1125807;20973
2024.12.12 10:16:23;C:\Program Files (x86)\Lolly\DATA\data_92245495_2024_12_12_0.csv;1124884;20973
2024.12.12 10:17:53;C:\Program Files (x86)\Lolly\DATA\data_92245507_2024_12_12_0.csv;1125002;20973
2024.12.12 10:19:06;C:\Program Files (x86)\Lolly\DATA\data_92245506_2024_12_12_0.csv;1125424;20973
2024.12.12 10:20:53;C:\Program Files (x86)\Lolly\DATA\data_92245512_2024_12_12_0.csv;1125157;20973
2024.12.12 10:22:01;C:\Program Files (x86)\Lolly\DATA\data_92245513_2024_12_12_0.csv;1125748;20973
2024.12.12 10:23:08;C:\Program Files (x86)\Lolly\DATA\data_92245514_2024_12_12_0.csv;1125710;20973
2024.12.12 10:23:57;C:\Program Files (x86)\Lolly\DATA\data_92245515_2024_12_12_0.csv;1124473;20973
2025.01.07 09:35:07;C:\Program Files (x86)\Lolly\DATA\data_92245494_2025_01_07_0.csv;1260114;23466
2025.01.07 09:38:17;C:\Program Files (x86)\Lolly\DATA\data_92245492_2025_01_07_0.csv;1259151;23466
2025.01.07 09:39:32;C:\Program Files (x86)\Lolly\DATA\data_92245491_2025_01_07_0.csv;1259894;23466
2025.01.07 09:42:24;C:\Program Files (x86)\Lolly\DATA\data_92245523_2025_01_07_0.csv;1260745;23466
2025.01.07 09:44:42;C:\Program Files (x86)\Lolly\DATA\data_92245493_2025_01_07_0.csv;1260155;23466
2025.01.07 12:06:45;C:\Program Files (x86)\Lolly\DATA\data_92245509_2025_01_07_0.csv;1241622;23476
2025.01.07 12:10:55;C:\Program Files (x86)\Lolly\DATA\data_92245511_2025_01_07_0.csv;1265430;23477
2025.01.07 12:12:29;C:\Program Files (x86)\Lolly\DATA\data_92245510_2025_01_07_0.csv;1265805;23477
2025.01.07 12:43:00;C:\Program Files (x86)\Lolly\DATA\data_92245495_2025_01_07_0.csv;1264572;23478
2025.01.07 12:44:00;C:\Program Files (x86)\Lolly\DATA\data_92245507_2025_01_07_0.csv;1264931;23478
2025.01.07 12:45:08;C:\Program Files (x86)\Lolly\DATA\data_92245506_2025_01_07_0.csv;1265721;23479
2025.01.07 12:46:17;C:\Program Files (x86)\Lolly\DATA\data_92245512_2025_01_07_0.csv;1265306;23479
2025.01.07 12:47:39;C:\Program Files (x86)\Lolly\DATA\data_92245513_2025_01_07_0.csv;1265467;23479
2025.01.07 12:48:32;C:\Program Files (x86)\Lolly\DATA\data_92245514_2025_01_07_0.csv;1265691;23479
2025.01.07 12:49:19;C:\Program Files (x86)\Lolly\DATA\data_92245515_2025_01_07_0.csv;1264480;23479
2025.01.10 11:07:38;C:\Program Files (x86)\Lolly\DATA\data_92245520_2025_01_10_0.csv;238840;4679
2025.01.10 11:08:29;C:\Program Files (x86)\Lolly\DATA\data_92245520_2025_01_10_1.csv;1291622;23761
2025.01.10 11:12:49;C:\Program Files (x86)\Lolly\DATA\data_92245518_2025_01_10_0.csv;1281107;23760
2025.01.10 11:13:43;C:\Program Files (x86)\Lolly\DATA\data_92245519_2025_01_10_0.csv;60709;1223
2025.01.10 11:15:11;C:\Program Files (x86)\Lolly\DATA\data_92245519_2025_01_10_1.csv;1291534;23761
2025.01.10 11:17:12;C:\Program Files (x86)\Lolly\DATA\data_92245516_2025_01_10_0.csv;1291533;23761
2025.01.10 11:18:34;C:\Program Files (x86)\Lolly\DATA\data_92245517_2025_01_10_0.csv;1291328;23761
2025.01.10 11:21:48;C:\Program Files (x86)\Lolly\DATA\data_92245475_2025_01_10_0.csv;1288246;23831
2025.01.10 11:22:49;C:\Program Files (x86)\Lolly\DATA\data_92245474_2025_01_10_0.csv;1273464;23831
2025.01.10 11:23:33;C:\Program Files (x86)\Lolly\DATA\data_92245473_2025_01_10_0.csv;1286879;23831
2025.01.10 11:27:57;C:\Program Files (x86)\Lolly\DATA\data_92245472_2025_01_10_0.csv;1288575;23831
2025.01.10 11:29:20;C:\Program Files (x86)\Lolly\DATA\data_92245471_2025_01_10_0.csv;1287789;23831
2025.01.10 11:33:37;C:\Program Files (x86)\Lolly\DATA\data_92245478_2025_01_10_0.csv;1288040;23831
2025.01.10 11:34:47;C:\Program Files (x86)\Lolly\DATA\data_92245477_2025_01_10_0.csv;1288182;23832
2025.01.10 11:36:53;C:\Program Files (x86)\Lolly\DATA\data_92245476_2025_01_10_0.csv;1288188;23832
2025.01.10 11:38:59;C:\Program Files (x86)\Lolly\DATA\data_92245480_2025_01_10_0.csv;1288048;23830
2025.01.10 11:40:46;C:\Program Files (x86)\Lolly\DATA\data_92245479_2025_01_10_0.csv;1287841;23831
2025.01.15 12:09:19;C:\Program Files (x86)\Lolly\DATA\data_92245500_2025_01_15_0.csv;1325706;24244
2025.01.15 12:21:40;C:\Program Files (x86)\Lolly\DATA\data_92245501_2025_01_15_0.csv;1317906;24245
2025.01.15 12:28:15;C:\Program Files (x86)\Lolly\DATA\data_92245497_2025_01_15_0.csv;1317326;24244
2025.01.15 12:32:24;C:\Program Files (x86)\Lolly\DATA\data_92245496_2025_01_15_0.csv;1317654;24246
2025.01.15 12:34:49;C:\Program Files (x86)\Lolly\DATA\data_92245498_2025_01_15_0.csv;147483;2951
2025.01.15 12:38:51;C:\Program Files (x86)\Lolly\DATA\data_92245498_2025_01_15_1.csv;1316896;24246
2025.01.15 12:53:45;C:\Program Files (x86)\Lolly\DATA\data_92245522_2025_01_15_0.csv;1330178;24247
2025.01.15 12:55:30;C:\Program Files (x86)\Lolly\DATA\data_92245489_2025_01_15_0.csv;1312991;24247
2025.01.15 12:56:53;C:\Program Files (x86)\Lolly\DATA\data_92245487_2025_01_15_0.csv;1297637;24247
2025.01.15 12:57:49;C:\Program Files (x86)\Lolly\DATA\data_92245488_2025_01_15_0.csv;1312397;24247
2025.01.15 13:01:01;C:\Program Files (x86)\Lolly\DATA\data_92245521_2025_01_15_0.csv;1312745;24247
2025.01.15 13:02:35;C:\Program Files (x86)\Lolly\DATA\data_92245502_2025_01_15_0.csv;1311708;24248
2025.01.15 13:03:56;C:\Program Files (x86)\Lolly\DATA\data_92245503_2025_01_15_0.csv;1311886;24248
2025.01.15 13:04:54;C:\Program Files (x86)\Lolly\DATA\data_92245505_2025_01_15_0.csv;1312465;24248
2025.01.15 13:06:10;C:\Program Files (x86)\Lolly\DATA\data_92245504_2025_01_15_0.csv;1312828;24248
2025.01.15 13:10:00;C:\Program Files (x86)\Lolly\DATA\data_92245499_2025_01_15_0.csv;1325766;24248
2025.02.05 11:20:39;C:\Program Files (x86)\Lolly\DATA\data_92245500_2025_02_05_0.csv;1438725;26257
2025.02.05 11:27:58;C:\Program Files (x86)\Lolly\DATA\data_92245501_2025_02_05_0.csv;1432477;26257
2025.02.05 11:31:47;C:\Program Files (x86)\Lolly\DATA\data_92245503_2025_02_05_0.csv;1425364;26258
2025.02.05 11:32:40;C:\Program Files (x86)\Lolly\DATA\data_92245505_2025_02_05_0.csv;1425928;26258
2025.02.05 11:39:11;C:\Program Files (x86)\Lolly\DATA\data_92245502_2025_02_05_0.csv;1425561;26258
2025.02.05 11:40:22;C:\Program Files (x86)\Lolly\DATA\data_92245521_2025_02_05_0.csv;1419529;26257
2025.02.05 11:43:00;C:\Program Files (x86)\Lolly\DATA\data_92245504_2025_02_05_0.csv;1426201;26258
2025.02.05 11:50:47;C:\Program Files (x86)\Lolly\DATA\data_92245497_2025_02_05_0.csv;1430963;26258
2025.02.05 11:51:57;C:\Program Files (x86)\Lolly\DATA\data_92245496_2025_02_05_0.csv;1430527;26259
2025.02.05 11:55:44;C:\Program Files (x86)\Lolly\DATA\data_92245498_2025_02_05_0.csv;1430446;26259
2025.02.05 12:02:32;C:\Program Files (x86)\Lolly\DATA\data_92245487_2025_02_05_0.csv;1409207;26260
2025.02.05 12:03:36;C:\Program Files (x86)\Lolly\DATA\data_92245488_2025_02_05_0.csv;1425949;26260
2025.02.05 12:06:53;C:\Program Files (x86)\Lolly\DATA\data_92245522_2025_02_05_0.csv;1443650;26260
2025.02.05 12:07:49;C:\Program Files (x86)\Lolly\DATA\data_92245489_2025_02_05_0.csv;1426503;26260
2025.02.05 12:08:58;C:\Program Files (x86)\Lolly\DATA\data_92245490_2025_02_05_0.csv;1425686;26260
2025.02.05 12:12:14;C:\Program Files (x86)\Lolly\DATA\data_92245499_2025_02_05_0.csv;1438856;26260
2025.02.12 09:54:19;C:\Program Files (x86)\Lolly\DATA\data_92245493_2025_02_12_0.csv;351999;6983
2025.02.12 12:03:53;C:\Program Files (x86)\Lolly\DATA\data_92245523_2025_02_12_0.csv;177833;3527
2025.02.13 11:29:24;C:\Program Files (x86)\Lolly\DATA\data_92245500_2025_02_13_0.csv;1481550;27025
2025.02.13 11:30:08;C:\Program Files (x86)\Lolly\DATA\data_92245500_2025_02_13_1.csv;176950;3527
2025.02.13 11:30:36;C:\Program Files (x86)\Lolly\DATA\data_92245500_2025_02_13_2.csv;206055;4103
2025.02.13 11:31:29;C:\Program Files (x86)\Lolly\DATA\data_92245500_2025_02_13_3.csv;1481607;27026
2025.02.13 11:38:03;C:\Program Files (x86)\Lolly\DATA\data_92245501_2025_02_13_0.csv;391079;7559
2025.02.13 11:39:26;C:\Program Files (x86)\Lolly\DATA\data_92245501_2025_02_13_1.csv;1474363;27026
2025.02.13 11:41:30;C:\Program Files (x86)\Lolly\DATA\data_92245501_2025_02_13_2.csv;31940;647
2025.02.13 11:56:32;C:\Program Files (x86)\Lolly\DATA\data_92245496_2025_02_13_0.csv;1473534;27027
2025.02.13 11:58:55;C:\Program Files (x86)\Lolly\DATA\data_92245496_2025_02_13_1.csv;671225;12743
2025.02.13 12:00:06;C:\Program Files (x86)\Lolly\DATA\data_92245496_2025_02_13_2.csv;988863;18392
2025.02.18 10:49:10;C:\Program Files (x86)\Lolly\DATA\data_92245520_2025_02_18_0.csv;1503493;27504
2025.02.18 10:55:44;C:\Program Files (x86)\Lolly\DATA\data_92245518_2025_02_18_0.csv;1502566;27503
2025.02.18 10:56:50;C:\Program Files (x86)\Lolly\DATA\data_92245519_2025_02_18_0.csv;1502296;27503
2025.02.18 10:58:04;C:\Program Files (x86)\Lolly\DATA\data_92245516_2025_02_18_0.csv;1502156;27503
2025.02.18 10:59:11;C:\Program Files (x86)\Lolly\DATA\data_92245517_2025_02_18_0.csv;1502613;27503
2025.02.18 11:03:41;C:\Program Files (x86)\Lolly\DATA\data_92245473_2025_02_18_0.csv;1497854;27574
2025.02.18 11:05:14;C:\Program Files (x86)\Lolly\DATA\data_92245474_2025_02_18_0.csv;1444580;27574
2025.02.18 11:07:15;C:\Program Files (x86)\Lolly\DATA\data_92245475_2025_02_18_0.csv;1498993;27574
2025.02.18 11:09:21;C:\Program Files (x86)\Lolly\DATA\data_92245472_2025_02_18_0.csv;1488156;27574
2025.02.18 11:11:03;C:\Program Files (x86)\Lolly\DATA\data_92245471_2025_02_18_0.csv;1498806;27574
2025.02.18 11:44:48;C:\Program Files (x86)\Lolly\DATA\data_92245477_2025_02_18_0.csv;1499185;27576
2025.02.18 11:46:03;C:\Program Files (x86)\Lolly\DATA\data_92245476_2025_02_18_0.csv;1499220;27576
2025.02.18 11:47:20;C:\Program Files (x86)\Lolly\DATA\data_92245478_2025_02_18_0.csv;1499064;27576
2025.02.18 11:49:30;C:\Program Files (x86)\Lolly\DATA\data_92245480_2025_02_18_0.csv;1486863;27575
2025.02.18 11:50:30;C:\Program Files (x86)\Lolly\DATA\data_92245479_2025_02_18_0.csv;1498856;27576
2025.02.19 10:20:21;C:\Program Files (x86)\Lolly\DATA\data_92245509_2025_02_19_0.csv;1471717;27597
2025.02.19 10:25:30;C:\Program Files (x86)\Lolly\DATA\data_92245511_2025_02_19_0.csv;1497098;27598
2025.02.19 10:27:44;C:\Program Files (x86)\Lolly\DATA\data_92245510_2025_02_19_0.csv;1495418;27598
2025.02.19 10:29:17;C:\Program Files (x86)\Lolly\DATA\data_92245495_2025_02_19_0.csv;1495975;27597
2025.02.19 10:33:05;C:\Program Files (x86)\Lolly\DATA\data_92245507_2025_02_19_0.csv;1496471;27598
2025.02.19 10:35:59;C:\Program Files (x86)\Lolly\DATA\data_92245506_2025_02_19_0.csv;1496882;27598
2025.02.19 10:38:29;C:\Program Files (x86)\Lolly\DATA\data_92245512_2025_02_19_0.csv;1496641;27598
2025.02.19 10:43:13;C:\Program Files (x86)\Lolly\DATA\data_92245513_2025_02_19_0.csv;1497002;27598
2025.02.19 10:45:00;C:\Program Files (x86)\Lolly\DATA\data_92245514_2025_02_19_0.csv;1495540;27598
2025.02.19 10:46:35;C:\Program Files (x86)\Lolly\DATA\data_92245515_2025_02_19_0.csv;1496477;27598
2025.03.19 09:34:17;C:\Program Files (x86)\Lolly\DATA\data_92245520_2025_03_19_0.csv;1658935;30283
2025.03.19 09:40:06;C:\Program Files (x86)\Lolly\DATA\data_92245518_2025_03_19_0.csv;1632784;29831
2025.03.19 09:41:16;C:\Program Files (x86)\Lolly\DATA\data_92245519_2025_03_19_0.csv;1658228;30282
2025.03.19 09:43:06;C:\Program Files (x86)\Lolly\DATA\data_92245516_2025_03_19_0.csv;1658209;30282
2025.03.19 09:44:39;C:\Program Files (x86)\Lolly\DATA\data_92245517_2025_03_19_0.csv;1638419;30282
2025.03.19 09:47:08;C:\Program Files (x86)\Lolly\DATA\data_92245473_2025_03_19_0.csv;1569507;30354
2025.03.19 09:49:18;C:\Program Files (x86)\Lolly\DATA\data_92245474_2025_03_19_0.csv;1654264;30353
2025.03.19 09:50:37;C:\Program Files (x86)\Lolly\DATA\data_92245475_2025_03_19_0.csv;1654802;30353
2025.03.19 09:53:25;C:\Program Files (x86)\Lolly\DATA\data_92245472_2025_03_19_0.csv;1622875;30353
2025.03.19 09:55:12;C:\Program Files (x86)\Lolly\DATA\data_92245471_2025_03_19_0.csv;1654936;30353
2025.03.19 09:59:48;C:\Program Files (x86)\Lolly\DATA\data_92245478_2025_03_19_0.csv;1654899;30352
2025.03.19 10:01:02;C:\Program Files (x86)\Lolly\DATA\data_92245477_2025_03_19_0.csv;1655203;30353
2025.03.19 10:03:28;C:\Program Files (x86)\Lolly\DATA\data_92245476_2025_03_19_0.csv;1629899;30353
2025.03.19 10:05:30;C:\Program Files (x86)\Lolly\DATA\data_92245480_2025_03_19_0.csv;1654994;30352
2025.03.19 10:07:47;C:\Program Files (x86)\Lolly\DATA\data_92245479_2025_03_19_0.csv;1633078;30353
2025.03.28 10:50:07;C:\Program Files (x86)\Lolly\DATA\data_92245494_2025_03_28_0.csv;1692524;31151
2025.03.28 10:55:27;C:\Program Files (x86)\Lolly\DATA\data_92245523_2025_03_28_0.csv;1692555;31151
2025.03.28 10:56:46;C:\Program Files (x86)\Lolly\DATA\data_92245491_2025_03_28_0.csv;1692093;31151
2025.03.28 10:58:27;C:\Program Files (x86)\Lolly\DATA\data_92245492_2025_03_28_0.csv;1690796;31151
2025.03.28 11:02:25;C:\Program Files (x86)\Lolly\DATA\data_92245493_2025_03_28_0.csv;1691812;31152
2025.04.02 11:26:24;C:\Program Files (x86)\Lolly\DATA\data_92245500_2025_04_02_0.csv;1740316;31633
2025.04.02 11:38:58;C:\Program Files (x86)\Lolly\DATA\data_92245501_2025_04_02_0.csv;1676556;31634
2025.04.02 11:49:18;C:\Program Files (x86)\Lolly\DATA\data_92245497_2025_04_02_0.csv;1725673;31634
2025.04.02 11:59:21;C:\Program Files (x86)\Lolly\DATA\data_92245496_2025_04_02_0.csv;1704464;31635
2025.04.02 12:03:21;C:\Program Files (x86)\Lolly\DATA\data_92245498_2025_04_02_0.csv;1731839;31636
2025.04.02 12:14:11;C:\Program Files (x86)\Lolly\DATA\data_92245488_2025_04_02_0.csv;1727584;31636
2025.04.02 12:16:09;C:\Program Files (x86)\Lolly\DATA\data_92245487_2025_04_02_0.csv;1705441;31637
2025.04.02 12:17:57;C:\Program Files (x86)\Lolly\DATA\data_92245522_2025_04_02_0.csv;1745067;31637
2025.04.02 12:20:11;C:\Program Files (x86)\Lolly\DATA\data_92245489_2025_04_02_0.csv;1728461;31637
2025.04.02 12:22:28;C:\Program Files (x86)\Lolly\DATA\data_92245490_2025_04_02_0.csv;1727227;31637
2025.04.02 12:27:47;C:\Program Files (x86)\Lolly\DATA\data_92245521_2025_04_02_0.csv;1727916;31636
2025.04.02 12:29:35;C:\Program Files (x86)\Lolly\DATA\data_92245502_2025_04_02_0.csv;1726709;31637
2025.04.02 12:30:50;C:\Program Files (x86)\Lolly\DATA\data_92245504_2025_04_02_0.csv;1723013;31638
2025.04.02 12:32:19;C:\Program Files (x86)\Lolly\DATA\data_92245505_2025_04_02_0.csv;1722298;31638
2025.04.02 12:33:17;C:\Program Files (x86)\Lolly\DATA\data_92245503_2025_04_02_0.csv;1726965;31638
2025.04.02 12:35:58;C:\Program Files (x86)\Lolly\DATA\data_92245499_2025_04_02_0.csv;1740553;31638
2025.04.09 09:19:47;C:\Program Files (x86)\Lolly\DATA\data_92245509_2025_04_09_0.csv;1736288;32297
2025.04.09 09:23:37;C:\Program Files (x86)\Lolly\DATA\data_92245511_2025_04_09_0.csv;1760766;32298
2025.04.09 09:25:10;C:\Program Files (x86)\Lolly\DATA\data_92245510_2025_04_09_0.csv;1760770;32298
2025.04.09 09:28:59;C:\Program Files (x86)\Lolly\DATA\data_92245495_2025_04_09_0.csv;1760118;32297
2025.04.09 09:30:34;C:\Program Files (x86)\Lolly\DATA\data_92245507_2025_04_09_0.csv;1759572;32298
2025.04.09 09:32:11;C:\Program Files (x86)\Lolly\DATA\data_92245506_2025_04_09_0.csv;1760424;32298
2025.04.09 09:34:24;C:\Program Files (x86)\Lolly\DATA\data_92245512_2025_04_09_0.csv;1760086;32298
2025.04.09 09:35:45;C:\Program Files (x86)\Lolly\DATA\data_92245513_2025_04_09_0.csv;1759915;32298
2025.04.09 09:37:08;C:\Program Files (x86)\Lolly\DATA\data_92245514_2025_04_09_0.csv;1760501;32297
2025.04.09 09:39:29;C:\Program Files (x86)\Lolly\DATA\data_92245515_2025_04_09_0.csv;1758075;32297
2025.04.23 10:25:32;C:\Program Files (x86)\Lolly\DATA\data_92245520_2025_04_23_0.csv;1821667;33212
2025.04.23 11:01:49;C:\Program Files (x86)\Lolly\DATA\data_92245517_2025_04_23_0.csv;1846537;33648
2025.04.23 11:02:45;C:\Program Files (x86)\Lolly\DATA\data_92245516_2025_04_23_0.csv;1846688;33648
2025.04.23 11:04:50;C:\Program Files (x86)\Lolly\DATA\data_92245475_2025_04_23_0.csv;1836097;33718
2025.04.23 11:05:52;C:\Program Files (x86)\Lolly\DATA\data_92245474_2025_04_23_0.csv;1842621;33718
2025.04.23 11:06:42;C:\Program Files (x86)\Lolly\DATA\data_92245473_2025_04_23_0.csv;1842508;33718
2025.04.23 11:08:03;C:\Program Files (x86)\Lolly\DATA\data_92245472_2025_04_23_0.csv;1832564;33718
2025.04.23 11:09:02;C:\Program Files (x86)\Lolly\DATA\data_92245471_2025_04_23_0.csv;1843452;33718
2025.04.23 11:14:26;C:\Program Files (x86)\Lolly\DATA\data_92245479_2025_04_23_0.csv;1843285;33717
2025.04.23 11:15:30;C:\Program Files (x86)\Lolly\DATA\data_92245480_2025_04_23_0.csv;1821422;33716
2025.04.23 11:16:59;C:\Program Files (x86)\Lolly\DATA\data_92245476_2025_04_23_0.csv;1843761;33718
2025.04.23 11:18:05;C:\Program Files (x86)\Lolly\DATA\data_92245477_2025_04_23_0.csv;1843915;33718
2025.04.23 11:19:01;C:\Program Files (x86)\Lolly\DATA\data_92245478_2025_04_23_0.csv;1843720;33718
2025.05.13 08:23:49;C:\Program Files (x86)\Lolly\DATA\data_92245436_2025_05_13_0.csv;1834504;35627
2025.05.13 08:25:39;C:\Program Files (x86)\Lolly\DATA\data_92245483_2025_05_13_0.csv;1828989;35558
2025.05.13 08:26:57;C:\Program Files (x86)\Lolly\DATA\data_92245450_2025_05_13_0.csv;1834248;35536
2025.05.13 08:29:01;C:\Program Files (x86)\Lolly\DATA\data_92245509_2025_05_13_0.csv;1919264;35557
2025.05.13 08:30:22;C:\Program Files (x86)\Lolly\DATA\data_92245437_2025_05_13_0.csv;1832712;35629
2025.05.13 08:31:56;C:\Program Files (x86)\Lolly\DATA\data_92245439_2025_05_13_0.csv;1834478;35628
2025.05.13 08:35:37;C:\Program Files (x86)\Lolly\DATA\data_92245440_2025_05_13_0.csv;1829141;35628
2025.05.13 08:39:07;C:\Program Files (x86)\Lolly\DATA\data_92245445_2025_05_13_0.csv;1828068;35628
2025.05.13 08:40:58;C:\Program Files (x86)\Lolly\DATA\data_92245441_2025_05_13_0.csv;1832085;35628
2025.05.13 08:43:29;C:\Program Files (x86)\Lolly\DATA\data_92245442_2025_05_13_0.csv;1806986;35629
2025.05.15 10:16:10;C:\Program Files (x86)\Lolly\DATA\data_92245500_2025_05_15_0.csv;1970943;35757
2025.05.15 10:19:52;C:\Program Files (x86)\Lolly\DATA\data_92245501_2025_05_15_0.csv;89892;1799
2025.05.15 10:20:18;C:\Program Files (x86)\Lolly\DATA\data_92245501_2025_05_15_1.csv;421882;8135
2025.05.15 10:29:06;C:\Program Files (x86)\Lolly\DATA\data_92245497_2025_05_15_0.csv;4796;99
2025.05.15 10:35:00;C:\Program Files (x86)\Lolly\DATA\data_92245497_2025_05_15_1.csv;1962866;35757
2025.05.15 10:37:07;C:\Program Files (x86)\Lolly\DATA\data_92245496_2025_05_15_0.csv;1962797;35758
2025.05.15 10:41:21;C:\Program Files (x86)\Lolly\DATA\data_92245498_2025_05_15_0.csv;1962472;35758
2025.05.15 10:55:27;C:\Program Files (x86)\Lolly\DATA\data_92245488_2025_05_15_0.csv;1958297;35759
2025.05.15 10:56:48;C:\Program Files (x86)\Lolly\DATA\data_92245487_2025_05_15_0.csv;1927581;35759
2025.05.15 10:58:15;C:\Program Files (x86)\Lolly\DATA\data_92245522_2025_05_15_0.csv;1975958;35759
2025.05.15 11:01:16;C:\Program Files (x86)\Lolly\DATA\data_92245489_2025_05_15_0.csv;1958709;35760
2025.05.15 11:03:18;C:\Program Files (x86)\Lolly\DATA\data_92245490_2025_05_15_0.csv;1957968;35760
2025.05.15 11:09:28;C:\Program Files (x86)\Lolly\DATA\data_92245521_2025_05_15_0.csv;1959198;35759
2025.05.15 11:12:09;C:\Program Files (x86)\Lolly\DATA\data_92245504_2025_05_15_0.csv;1959995;35760
2025.05.15 11:13:43;C:\Program Files (x86)\Lolly\DATA\data_92245505_2025_05_15_0.csv;1958533;35760
2025.05.15 11:15:37;C:\Program Files (x86)\Lolly\DATA\data_92245502_2025_05_15_0.csv;1957662;35761
2025.05.15 11:18:38;C:\Program Files (x86)\Lolly\DATA\data_92245503_2025_05_15_0.csv;1958255;35761
2025.05.15 11:21:29;C:\Program Files (x86)\Lolly\DATA\data_92245499_2025_05_15_0.csv;1971353;35761
2025.05.21 10:01:44;C:\Program Files (x86)\Lolly\DATA\data_92245516_2025_05_21_0.csv;1997433;36332
2025.05.21 10:03:32;C:\Program Files (x86)\Lolly\DATA\data_92245517_2025_05_21_0.csv;1997030;36332
2025.05.21 10:05:07;C:\Program Files (x86)\Lolly\DATA\data_92245519_2025_05_21_0.csv;1997098;36332
2025.05.21 10:07:12;C:\Program Files (x86)\Lolly\DATA\data_92245518_2025_05_21_0.csv;1984272;36071
2025.05.21 10:09:07;C:\Program Files (x86)\Lolly\DATA\data_92245520_2025_05_21_0.csv;1997405;36333
2025.05.21 10:13:46;C:\Program Files (x86)\Lolly\DATA\data_92245474_2025_05_21_0.csv;1992749;36402
2025.05.21 10:14:56;C:\Program Files (x86)\Lolly\DATA\data_92245475_2025_05_21_0.csv;1993804;36402
2025.05.21 10:15:55;C:\Program Files (x86)\Lolly\DATA\data_92245473_2025_05_21_0.csv;1992725;36403
2025.05.21 10:18:10;C:\Program Files (x86)\Lolly\DATA\data_92245471_2025_05_21_0.csv;1993908;36403
2025.05.21 10:19:57;C:\Program Files (x86)\Lolly\DATA\data_92245472_2025_05_21_0.csv;1983576;36403
2025.05.21 10:25:19;C:\Program Files (x86)\Lolly\DATA\data_92245479_2025_05_21_0.csv;1949907;36402
2025.05.21 10:27:41;C:\Program Files (x86)\Lolly\DATA\data_92245480_2025_05_21_0.csv;1993970;36400
2025.05.21 10:30:46;C:\Program Files (x86)\Lolly\DATA\data_92245476_2025_05_21_0.csv;1994852;36403
2025.05.21 10:32:05;C:\Program Files (x86)\Lolly\DATA\data_92245477_2025_05_21_0.csv;1994247;36403
2025.05.21 10:33:44;C:\Program Files (x86)\Lolly\DATA\data_92245478_2025_05_21_0.csv;1994091;36403
2025.05.22 08:38:11;C:\Program Files (x86)\Lolly\DATA\data_92245492_2025_05_22_0.csv;1987437;36422
2025.05.22 08:40:01;C:\Program Files (x86)\Lolly\DATA\data_92245491_2025_05_22_0.csv;1987686;36422
2025.05.22 08:41:54;C:\Program Files (x86)\Lolly\DATA\data_92245523_2025_05_22_0.csv;1988483;36422
2025.05.22 08:43:43;C:\Program Files (x86)\Lolly\DATA\data_92245494_2025_05_22_0.csv;1988287;36422
2025.05.22 08:50:02;C:\Program Files (x86)\Lolly\DATA\data_92245493_2025_05_22_0.csv;1987617;36423
2025.06.11 08:46:03;C:\Program Files (x86)\Lolly\DATA\data_92245510_2025_06_11_0.csv;2101943;38344
2025.06.11 08:48:40;C:\Program Files (x86)\Lolly\DATA\data_92245507_2025_06_11_0.csv;2095019;38343
2025.06.11 08:51:19;C:\Program Files (x86)\Lolly\DATA\data_92245506_2025_06_11_0.csv;2101453;38343
2025.06.11 08:54:01;C:\Program Files (x86)\Lolly\DATA\data_92245511_2025_06_11_0.csv;2101093;38344
2025.06.11 08:56:26;C:\Program Files (x86)\Lolly\DATA\data_92245509_2025_06_11_0.csv;2067932;38343
2025.06.11 08:58:59;C:\Program Files (x86)\Lolly\DATA\data_92245436_2025_06_11_0.csv;1981886;38413
2025.06.11 09:01:26;C:\Program Files (x86)\Lolly\DATA\data_92245483_2025_06_11_0.csv;1986115;38345
2025.06.11 09:10:36;C:\Program Files (x86)\Lolly\DATA\data_92245495_2025_06_11_0.csv;2099514;38344
2025.06.11 09:30:10;C:\Program Files (x86)\Lolly\DATA\data_92245450_2025_06_11_0.csv;789789;15524
2025.06.11 09:31:53;C:\Program Files (x86)\Lolly\DATA\data_92245437_2025_06_11_0.csv;810949;15524
2025.06.11 09:32:39;C:\Program Files (x86)\Lolly\DATA\data_92245439_2025_06_11_0.csv;812005;15523
2025.06.11 09:34:27;C:\Program Files (x86)\Lolly\DATA\data_92245440_2025_06_11_0.csv;1965359;38416
2025.06.11 09:38:32;C:\Program Files (x86)\Lolly\DATA\data_92245512_2025_06_11_0.csv;2100268;38346
2025.06.11 09:41:54;C:\Program Files (x86)\Lolly\DATA\data_92245514_2025_06_11_0.csv;2091052;38345
2025.06.11 09:48:33;C:\Program Files (x86)\Lolly\DATA\data_92245515_2025_06_11_0.csv;849936;15523
2025.06.11 09:49:19;C:\Program Files (x86)\Lolly\DATA\data_92245513_2025_06_11_0.csv;860479;15524
2025.06.11 09:52:31;C:\Program Files (x86)\Lolly\DATA\data_92245445_2025_06_11_0.csv;805791;15524
2025.06.11 09:58:44;C:\Program Files (x86)\Lolly\DATA\data_92245444_2025_06_11_0.csv;800998;15525
2025.06.11 10:04:25;C:\Program Files (x86)\Lolly\DATA\data_92245443_2025_06_11_0.csv;780477;15525
2025.06.11 10:10:58;C:\Program Files (x86)\Lolly\DATA\data_92245442_2025_06_11_0.csv;806217;15526
2025.06.24 09:46:17;C:\Program Files (x86)\Lolly\DATA\data_92245456_2025_06_24_0.csv;2033816;39666
2025.06.24 11:15:45;C:\Program Files (x86)\Lolly\DATA\data_92245456_2025_06_24_1.csv;854091;16779
2025.06.24 11:17:35;C:\Program Files (x86)\Lolly\DATA\data_92245456_2025_06_24_2.csv;462888;8640
2025.06.24 11:18:49;C:\Program Files (x86)\Lolly\DATA\data_92245456_2025_06_24_3.csv;854091;16779
2025.06.24 11:33:48;C:\Program Files (x86)\Lolly\DATA\data_92245457_2025_06_24_0.csv;15;1
2025.06.24 11:34:02;C:\Program Files (x86)\Lolly\DATA\data_92245457_2025_06_24_1.csv;231377;4608
2025.06.24 13:13:32;C:\Program Files (x86)\Lolly\DATA\data_92245457_2025_06_24_2.csv;852823;16785
2025.06.24 13:19:41;C:\Program Files (x86)\Lolly\DATA\data_92245456_2025_06_24_4.csv;854522;16787
2025.06.24 13:24:26;C:\Program Files (x86)\Lolly\DATA\data_92245456_2025_06_24_5.csv;15;1
2025.06.24 13:24:51;C:\Program Files (x86)\Lolly\DATA\data_92245456_2025_06_24_6.csv;203473;4032
2025.06.24 13:25:22;C:\Program Files (x86)\Lolly\DATA\data_92245456_2025_06_24_7.csv;643589;12672
2025.06.24 13:37:29;C:\Program Files (x86)\Lolly\DATA\data_92245457_2025_06_24_3.csv;903268;16787
2025.06.25 09:14:06;C:\Program Files (x86)\Lolly\DATA\data_92245456_2025_06_25_0.csv;907332;16866
2025.06.25 09:20:24;C:\Program Files (x86)\Lolly\DATA\data_92245457_2025_06_25_2.csv;857666;16866
2025.06.25 09:26:01;C:\Program Files (x86)\Lolly\DATA\data_92245456_2025_06_25_0.csv;858723;16867
2025.06.25 09:28:23;C:\Program Files (x86)\Lolly\DATA\data_92245457_2025_06_25_2.csv;831803;16866
2025.06.26 11:42:35;C:\Program Files (x86)\Lolly\DATA\data_92245500_2025_06_26_0.csv;2247226;39794
2025.06.26 11:49:36;C:\Program Files (x86)\Lolly\DATA\data_92245499_2025_06_26_0.csv;927190;16416
2025.06.26 11:59:13;C:\Program Files (x86)\Lolly\DATA\data_92245501_2025_06_26_0.csv;952865;16972
2025.06.26 12:04:45;C:\Program Files (x86)\Lolly\DATA\data_92245496_2025_06_26_0.csv;958936;16973
2025.06.26 12:11:01;C:\Program Files (x86)\Lolly\DATA\data_92245497_2025_06_26_0.csv;2237913;39795
2025.06.26 12:19:06;C:\Program Files (x86)\Lolly\DATA\data_92245498_2025_06_26_0.csv;2238191;39797
2025.06.26 12:25:50;C:\Program Files (x86)\Lolly\DATA\data_92245488_2025_06_26_0.csv;2237058;39797
2025.06.26 12:32:16;C:\Program Files (x86)\Lolly\DATA\data_92245487_2025_06_26_0.csv;2203561;39798
2025.06.26 12:57:14;C:\Program Files (x86)\Lolly\DATA\data_92245522_2025_06_26_0.csv;2227986;39799
2025.06.26 13:08:26;C:\Program Files (x86)\Lolly\DATA\data_92245489_2025_06_26_0.csv;2204215;39283
2025.06.26 13:18:22;C:\Program Files (x86)\Lolly\DATA\data_92245490_2025_06_26_0.csv;2236822;39801
2025.06.26 13:26:19;C:\Program Files (x86)\Lolly\DATA\data_92245504_2025_06_26_0.csv;2237609;39801
2025.06.26 13:28:04;C:\Program Files (x86)\Lolly\DATA\data_92245504_2025_06_26_1.csv;4779;99
2025.06.26 13:32:09;C:\Program Files (x86)\Lolly\DATA\data_92245505_2025_06_26_0.csv;2237440;39802
2025.06.26 13:33:41;C:\Program Files (x86)\Lolly\DATA\data_92245503_2025_06_26_0.csv;2209016;39802
2025.06.26 13:38:23;C:\Program Files (x86)\Lolly\DATA\data_92245502_2025_06_26_0.csv;2207343;39802
2025.06.26 13:41:10;C:\Program Files (x86)\Lolly\DATA\data_92245521_2025_06_26_0.csv;2238084;39801
2025.07.01 10:34:01;C:\Program Files (x86)\Lolly\DATA\data_92245494_2025_07_01_0.csv;947829;17447
2025.07.01 10:36:00;C:\Program Files (x86)\Lolly\DATA\data_92245494_2025_07_01_1.csv;988025;17447
2025.07.01 10:53:51;C:\Program Files (x86)\Lolly\DATA\data_92245523_2025_07_01_0.csv;2260746;40271
2025.07.01 10:58:05;C:\Program Files (x86)\Lolly\DATA\data_92245523_2025_07_01_1.csv;177284;3527
2025.07.01 11:01:56;C:\Program Files (x86)\Lolly\DATA\data_92245491_2025_07_01_0.csv;970016;17449
2025.07.01 11:09:33;C:\Program Files (x86)\Lolly\DATA\data_92245492_2025_07_01_0.csv;947415;17449
2025.07.01 11:15:31;C:\Program Files (x86)\Lolly\DATA\data_92245492_2025_07_01_1.csv;190591;3456
2025.07.01 11:16:23;C:\Program Files (x86)\Lolly\DATA\data_92245493_2025_07_01_0.csv;948233;17450
2025.07.01 11:25:35;C:\Program Files (x86)\Lolly\DATA\data_92245409_2025_07_01_0.csv;28650;576
2025.07.01 13:43:35;C:\Program Files (x86)\Lolly\DATA\data_92245458_2025_07_01_0.csv;86453;1728
2025.07.02 09:04:09;C:\Program Files (x86)\Lolly\DATA\data_92245520_2025_07_02_0.csv;2234286;40361
2025.07.02 09:09:53;C:\Program Files (x86)\Lolly\DATA\data_92245516_2025_07_02_0.csv;946679;17537
2025.07.02 09:12:21;C:\Program Files (x86)\Lolly\DATA\data_92245517_2025_07_02_0.csv;2270326;40360
2025.07.02 09:14:41;C:\Program Files (x86)\Lolly\DATA\data_92245519_2025_07_02_0.csv;2271055;40360
2025.07.02 09:16:35;C:\Program Files (x86)\Lolly\DATA\data_92245518_2025_07_02_0.csv;991354;17538
2025.07.02 09:19:36;C:\Program Files (x86)\Lolly\DATA\data_92245473_2025_07_02_0.csv;991598;17538
2025.07.02 09:21:12;C:\Program Files (x86)\Lolly\DATA\data_92245473_2025_07_02_1.csv;2271774;40431
2025.07.02 09:22:52;C:\Program Files (x86)\Lolly\DATA\data_92245474_2025_07_02_0.csv;2243824;40431
2025.07.02 09:23:58;C:\Program Files (x86)\Lolly\DATA\data_92245475_2025_07_02_0.csv;2272620;40431
2025.07.02 09:27:57;C:\Program Files (x86)\Lolly\DATA\data_92245518_2025_07_02_1.csv;2270961;40361
2025.07.02 09:35:56;C:\Program Files (x86)\Lolly\DATA\data_92245516_2025_07_02_1.csv;2234385;40362
2025.07.02 09:39:59;C:\Program Files (x86)\Lolly\DATA\data_92245471_2025_07_02_0.csv;2273595;40432
2025.07.02 09:41:51;C:\Program Files (x86)\Lolly\DATA\data_92245472_2025_07_02_0.csv;2241361;40432
2025.07.02 09:46:15;C:\Program Files (x86)\Lolly\DATA\data_92245477_2025_07_02_0.csv;2273460;40432
2025.07.02 09:49:15;C:\Program Files (x86)\Lolly\DATA\data_92245476_2025_07_02_0.csv;2247109;40432
2025.07.02 09:51:03;C:\Program Files (x86)\Lolly\DATA\data_92245478_2025_07_02_0.csv;2273227;40432
2025.07.02 09:54:40;C:\Program Files (x86)\Lolly\DATA\data_92245480_2025_07_02_0.csv;2222285;40430
2025.07.02 09:56:20;C:\Program Files (x86)\Lolly\DATA\data_92245479_2025_07_02_0.csv;2268622;40432
2025.07.11 08:29:09;C:\Program Files (x86)\Lolly\DATA\data_92245495_2025_07_11_0.csv;2315861;41221
2025.07.11 08:41:46;C:\Program Files (x86)\Lolly\DATA\data_92245495_2025_07_11_1.csv;2315918;41222
2025.07.11 08:48:41;C:\Program Files (x86)\Lolly\DATA\data_92245510_2025_07_11_0.csv;2317207;41224
2025.07.11 08:54:45;C:\Program Files (x86)\Lolly\DATA\data_92245507_2025_07_11_0.csv;2315960;41223
2025.07.11 08:58:08;C:\Program Files (x86)\Lolly\DATA\data_92245506_2025_07_11_0.csv;2316912;41223
2025.07.11 09:02:52;C:\Program Files (x86)\Lolly\DATA\data_92245512_2025_07_11_0.csv;2316747;41224
2025.07.11 09:06:39;C:\Program Files (x86)\Lolly\DATA\data_92245513_2025_07_11_0.csv;2316760;41224
2025.07.11 09:12:53;C:\Program Files (x86)\Lolly\DATA\data_92245514_2025_07_11_0.csv;2317311;41223
2025.07.11 09:17:30;C:\Program Files (x86)\Lolly\DATA\data_92245515_2025_07_11_0.csv;2316013;41224
2025.07.11 09:22:03;C:\Program Files (x86)\Lolly\DATA\data_92245509_2025_07_11_0.csv;2308597;41225
2025.07.11 09:25:13;C:\Program Files (x86)\Lolly\DATA\data_92245437_2025_07_11_0.csv;2258709;41296
2025.07.11 09:27:03;C:\Program Files (x86)\Lolly\DATA\data_92245439_2025_07_11_0.csv;247600;4653
2025.07.11 09:28:06;C:\Program Files (x86)\Lolly\DATA\data_92245439_2025_07_11_1.csv;2251485;41295
2025.07.11 09:33:02;C:\Program Files (x86)\Lolly\DATA\data_92245440_2025_07_11_0.csv;2260279;41296
2025.07.11 09:40:25;C:\Program Files (x86)\Lolly\DATA\data_92245511_2025_07_11_0.csv;2317107;41227
2025.07.11 09:45:10;C:\Program Files (x86)\Lolly\DATA\data_92245436_2025_07_11_0.csv;2261439;41297
2025.07.11 09:48:16;C:\Program Files (x86)\Lolly\DATA\data_92245483_2025_07_11_0.csv;2245808;41228
2025.07.11 09:51:21;C:\Program Files (x86)\Lolly\DATA\data_92245450_2025_07_11_0.csv;2232689;41206
2025.07.11 09:54:54;C:\Program Files (x86)\Lolly\DATA\data_92245444_2025_07_11_0.csv;2252907;41298
2025.07.11 10:12:24;C:\Program Files (x86)\Lolly\DATA\data_92245445_2025_07_11_0.csv;2257967;41298
2025.07.11 10:15:16;C:\Program Files (x86)\Lolly\DATA\data_92245441_2025_07_11_0.csv;308721;5805
2025.07.11 10:16:46;C:\Program Files (x86)\Lolly\DATA\data_92245441_2025_07_11_1.csv;2260088;41299
2025.07.11 11:30:55;C:\Program Files (x86)\Lolly\DATA\data_92245443_2025_07_11_0.csv;2247639;41304
2025.07.11 11:41:26;C:\Program Files (x86)\Lolly\DATA\data_92245442_2025_07_11_0.csv;2259494;41305
2025.07.24 07:01:32;C:\Program Files (x86)\Lolly\DATA\data_92245401_2025_07_24_0.csv;2305442;42535
2025.07.24 07:02:46;C:\Program Files (x86)\Lolly\DATA\data_92245460_2025_07_24_0.csv;2302678;42442
2025.07.24 07:13:24;C:\Program Files (x86)\Lolly\DATA\data_92245495_2025_07_24_0.csv;2386097;42464
2025.07.24 07:15:26;C:\Program Files (x86)\Lolly\DATA\data_92245510_2025_07_24_0.csv;2387943;42466
2025.07.24 07:16:59;C:\Program Files (x86)\Lolly\DATA\data_92245507_2025_07_24_0.csv;2386902;42465
2025.07.24 07:20:43;C:\Program Files (x86)\Lolly\DATA\data_92245506_2025_07_24_0.csv;2388398;42465
2025.07.24 07:22:22;C:\Program Files (x86)\Lolly\DATA\data_92245512_2025_07_24_0.csv;2387186;42465
2025.07.24 07:24:05;C:\Program Files (x86)\Lolly\DATA\data_92245513_2025_07_24_0.csv;2386861;42465
2025.07.24 07:27:07;C:\Program Files (x86)\Lolly\DATA\data_92245514_2025_07_24_0.csv;2387468;42464
2025.07.24 07:28:22;C:\Program Files (x86)\Lolly\DATA\data_92245515_2025_07_24_0.csv;2385935;42464
2025.07.24 07:31:09;C:\Program Files (x86)\Lolly\DATA\data_92245440_2025_07_24_0.csv;2330332;42536
2025.07.24 07:33:12;C:\Program Files (x86)\Lolly\DATA\data_92245439_2025_07_24_0.csv;2321674;42536
2025.07.24 07:34:19;C:\Program Files (x86)\Lolly\DATA\data_92245437_2025_07_24_0.csv;2328682;42537
2025.07.24 07:35:47;C:\Program Files (x86)\Lolly\DATA\data_92245509_2025_07_24_0.csv;2378763;42466
2025.07.24 07:37:25;C:\Program Files (x86)\Lolly\DATA\data_92245511_2025_07_24_0.csv;2385172;42467
2025.07.24 07:39:08;C:\Program Files (x86)\Lolly\DATA\data_92245436_2025_07_24_0.csv;2330612;42536
2025.07.24 07:40:26;C:\Program Files (x86)\Lolly\DATA\data_92245483_2025_07_24_0.csv;2315806;42467
2025.07.24 07:41:44;C:\Program Files (x86)\Lolly\DATA\data_92245459_2025_07_24_0.csv;2309226;42537
2025.07.24 07:43:20;C:\Program Files (x86)\Lolly\DATA\data_92245450_2025_07_24_0.csv;2329827;42445
2025.07.24 07:44:42;C:\Program Files (x86)\Lolly\DATA\data_92245444_2025_07_24_0.csv;2322865;42537
2025.07.24 07:46:07;C:\Program Files (x86)\Lolly\DATA\data_92245445_2025_07_24_0.csv;2327463;42537
2025.07.24 07:49:35;C:\Program Files (x86)\Lolly\DATA\data_92245443_2025_07_24_0.csv;2317273;42537
2025.07.24 07:50:58;C:\Program Files (x86)\Lolly\DATA\data_92245441_2025_07_24_0.csv;2330058;42537
2025.07.24 07:52:10;C:\Program Files (x86)\Lolly\DATA\data_92245442_2025_07_24_0.csv;2329109;42538
2025.08.04 15:41:32;C:\Program Files (x86)\Lolly\DATA\data_92245456_2025_08_04_0.csv;2376115;43625
2025.10.04 15:39:20;C:\Program Files (x86)\Lolly\DATA\data_92245401_2025_10_04_0.csv;2694764;49481
2025.10.04 15:40:41;C:\Program Files (x86)\Lolly\DATA\data_92245460_2025_10_04_0.csv;2694248;49388
2025.10.04 15:43:39;C:\Program Files (x86)\Lolly\DATA\data_92245495_2025_10_04_0.csv;2778377;49410
2025.10.04 15:45:04;C:\Program Files (x86)\Lolly\DATA\data_92245510_2025_10_04_0.csv;2780072;49413
2025.10.04 15:46:34;C:\Program Files (x86)\Lolly\DATA\data_92245507_2025_10_04_0.csv;2778508;49411
2025.10.04 15:48:29;C:\Program Files (x86)\Lolly\DATA\data_92245512_2025_10_04_0.csv;2778954;49411
2025.10.04 15:49:48;C:\Program Files (x86)\Lolly\DATA\data_92245513_2025_10_04_0.csv;2779299;49411
2025.10.04 15:51:02;C:\Program Files (x86)\Lolly\DATA\data_92245514_2025_10_04_0.csv;2779793;49410
2025.10.04 15:52:39;C:\Program Files (x86)\Lolly\DATA\data_92245515_2025_10_04_0.csv;2778793;49410
2025.10.04 15:56:21;C:\Program Files (x86)\Lolly\DATA\data_92245440_2025_10_04_0.csv;2722319;49481
2025.10.04 15:58:05;C:\Program Files (x86)\Lolly\DATA\data_92245439_2025_10_04_0.csv;2713857;49481
2025.10.04 15:59:33;C:\Program Files (x86)\Lolly\DATA\data_92245437_2025_10_04_0.csv;2720867;49482
2025.10.04 16:00:54;C:\Program Files (x86)\Lolly\DATA\data_92245509_2025_10_04_0.csv;2771006;49413
2025.10.04 16:03:24;C:\Program Files (x86)\Lolly\DATA\data_92245436_2025_10_04_0.csv;2721590;49482
2025.10.04 16:04:52;C:\Program Files (x86)\Lolly\DATA\data_92245483_2025_10_04_0.csv;2706793;49413
2025.10.04 16:06:20;C:\Program Files (x86)\Lolly\DATA\data_92245459_2025_10_04_0.csv;2700930;49483
2025.10.04 16:07:56;C:\Program Files (x86)\Lolly\DATA\data_92245450_2025_10_04_0.csv;2722310;49391
2025.10.04 16:09:57;C:\Program Files (x86)\Lolly\DATA\data_92245444_2025_10_04_0.csv;2715093;49483
2025.10.04 16:12:07;C:\Program Files (x86)\Lolly\DATA\data_92245445_2025_10_04_0.csv;2718236;49482
2025.10.04 16:20:32;C:\Program Files (x86)\Lolly\DATA\data_92245443_2025_10_04_0.csv;2709633;49483
2025.10.04 16:22:09;C:\Program Files (x86)\Lolly\DATA\data_92245441_2025_10_04_0.csv;2722273;49483
2025.10.04 16:24:01;C:\Program Files (x86)\Lolly\DATA\data_92245442_2025_10_04_0.csv;2721734;49484
2025.10.07 09:55:39;C:\Program Files (x86)\Lolly\DATA\data_92245411_2025_10_07_0.csv;2700576;49746
2025.10.07 09:58:42;C:\Program Files (x86)\Lolly\DATA\data_92245407_2025_10_07_0.csv;2700858;49747
2025.10.07 10:00:20;C:\Program Files (x86)\Lolly\DATA\data_92245406_2025_10_07_0.csv;2698968;49748
2025.10.07 10:02:31;C:\Program Files (x86)\Lolly\DATA\data_92245408_2025_10_07_0.csv;2699126;49747
2025.10.07 11:30:02;C:\Program Files (x86)\Lolly\DATA\data_92245500_2025_10_07_0.csv;5169;99
2025.10.07 11:31:40;C:\Program Files (x86)\Lolly\DATA\data_92245500_2025_10_07_1.csv;1022646;18390
2025.10.07 12:05:50;C:\Program Files (x86)\Lolly\DATA\data_92245496_2025_10_07_0.csv;2795033;49684
2025.10.07 12:08:00;C:\Program Files (x86)\Lolly\DATA\data_92245498_2025_10_07_0.csv;2795276;49684
2025.10.07 12:09:21;C:\Program Files (x86)\Lolly\DATA\data_92245413_2025_10_07_0.csv;2708300;49756
2025.10.07 12:12:55;C:\Program Files (x86)\Lolly\DATA\data_92245414_2025_10_07_0.csv;2698403;49756
2025.10.07 12:14:21;C:\Program Files (x86)\Lolly\DATA\data_92245497_2025_10_07_0.csv;2795221;49683
2025.10.07 12:18:11;C:\Program Files (x86)\Lolly\DATA\data_92245412_2025_10_07_0.csv;2698842;49756
2025.10.07 12:20:20;C:\Program Files (x86)\Lolly\DATA\data_92245501_2025_10_07_0.csv;2782123;49685
2025.10.07 12:22:55;C:\Program Files (x86)\Lolly\DATA\data_92245500_2025_10_07_2.csv;2810585;49685
2025.10.07 12:24:39;C:\Program Files (x86)\Lolly\DATA\data_92245499_2025_10_07_0.csv;2812028;49685
2025.10.07 12:31:42;C:\Program Files (x86)\Lolly\DATA\data_92245522_2025_10_07_0.csv;2812619;49686
2025.10.07 12:33:02;C:\Program Files (x86)\Lolly\DATA\data_92245489_2025_10_07_0.csv;2793519;49686
2025.10.07 12:34:28;C:\Program Files (x86)\Lolly\DATA\data_92245487_2025_10_07_0.csv;2760185;49686
2025.10.07 12:36:25;C:\Program Files (x86)\Lolly\DATA\data_92245488_2025_10_07_0.csv;2794720;49688
2025.10.07 12:43:53;C:\Program Files (x86)\Lolly\DATA\data_92245490_2025_10_07_0.csv;2793688;49686
2025.10.07 12:46:04;C:\Program Files (x86)\Lolly\DATA\data_92245521_2025_10_07_0.csv;2794050;49686
2025.10.07 12:48:14;C:\Program Files (x86)\Lolly\DATA\data_92245502_2025_10_07_0.csv;2763675;49687
2025.10.07 12:49:36;C:\Program Files (x86)\Lolly\DATA\data_92245504_2025_10_07_0.csv;2791656;49687
2025.10.07 12:50:56;C:\Program Files (x86)\Lolly\DATA\data_92245505_2025_10_07_0.csv;2793691;49687
2025.10.07 12:52:11;C:\Program Files (x86)\Lolly\DATA\data_92245503_2025_10_07_0.csv;2792979;49687
2025.10.09 08:05:34;C:\Program Files (x86)\Lolly\DATA\data_92245409_2025_10_09_0.csv;2723708;49932
2025.10.09 08:12:59;C:\Program Files (x86)\Lolly\DATA\data_92245410_2025_10_09_0.csv;2710726;49932
2025.10.09 08:17:43;C:\Program Files (x86)\Lolly\DATA\data_92245494_2025_10_09_0.csv;2802054;49861
2025.10.09 08:22:37;C:\Program Files (x86)\Lolly\DATA\data_92245523_2025_10_09_0.csv;2801939;49861
2025.10.09 08:25:41;C:\Program Files (x86)\Lolly\DATA\data_92245491_2025_10_09_0.csv;2768357;49861
2025.10.09 08:28:09;C:\Program Files (x86)\Lolly\DATA\data_92245492_2025_10_09_0.csv;2764336;49861
2025.10.09 08:33:57;C:\Program Files (x86)\Lolly\DATA\data_92245493_2025_10_09_0.csv;2764662;49826
2025.10.09 10:09:58;C:\Program Files (x86)\Lolly\DATA\data_92245401_2025_10_09_0.csv;2723434;49939
2025.10.09 10:12:42;C:\Program Files (x86)\Lolly\DATA\data_92245460_2025_10_09_0.csv;2720120;49846
2025.10.09 10:40:48;C:\Program Files (x86)\Lolly\DATA\data_92245495_2025_10_09_0.csv;2804353;49870
2025.10.09 10:42:38;C:\Program Files (x86)\Lolly\DATA\data_92245510_2025_10_09_0.csv;2805910;49871
2025.10.09 10:44:37;C:\Program Files (x86)\Lolly\DATA\data_92245507_2025_10_09_0.csv;2804270;49870
2025.10.09 10:46:41;C:\Program Files (x86)\Lolly\DATA\data_92245506_2025_10_09_0.csv;2814008;49871
2025.10.09 10:51:12;C:\Program Files (x86)\Lolly\DATA\data_92245506_2025_10_09_1.csv;187802;3527
2025.10.09 10:52:10;C:\Program Files (x86)\Lolly\DATA\data_92245506_2025_10_09_2.csv;64402;1223
2025.10.09 10:54:50;C:\Program Files (x86)\Lolly\DATA\data_92245506_2025_10_09_3.csv;33835;647
2025.10.09 10:57:32;C:\Program Files (x86)\Lolly\DATA\data_92245512_2025_10_09_0.csv;2804864;49871
2025.10.09 10:59:55;C:\Program Files (x86)\Lolly\DATA\data_92245513_2025_10_09_0.csv;2805264;49871
2025.10.09 11:01:34;C:\Program Files (x86)\Lolly\DATA\data_92245514_2025_10_09_0.csv;2805802;49871
2025.10.09 11:03:04;C:\Program Files (x86)\Lolly\DATA\data_92245515_2025_10_09_0.csv;2804334;49871
2025.10.09 11:06:38;C:\Program Files (x86)\Lolly\DATA\data_92245511_2025_10_09_0.csv;2805852;49873
2025.10.09 11:08:21;C:\Program Files (x86)\Lolly\DATA\data_92245509_2025_10_09_0.csv;2772103;49817
2025.10.09 11:10:11;C:\Program Files (x86)\Lolly\DATA\data_92245447_2025_10_09_0.csv;2696318;49817
2025.10.09 11:14:58;C:\Program Files (x86)\Lolly\DATA\data_92245440_2025_10_09_0.csv;2748262;49942
2025.10.09 11:16:42;C:\Program Files (x86)\Lolly\DATA\data_92245439_2025_10_09_0.csv;2739859;49943
2025.10.09 11:18:15;C:\Program Files (x86)\Lolly\DATA\data_92245437_2025_10_09_0.csv;2746850;49944
2025.10.09 11:21:40;C:\Program Files (x86)\Lolly\DATA\data_92245436_2025_10_09_0.csv;2749027;49943
2025.10.09 11:25:05;C:\Program Files (x86)\Lolly\DATA\data_92245459_2025_10_09_0.csv;2727007;49944
2025.10.09 11:27:29;C:\Program Files (x86)\Lolly\DATA\data_92245450_2025_10_09_0.csv;2747853;49852
2025.10.09 11:29:36;C:\Program Files (x86)\Lolly\DATA\data_92245483_2025_10_09_0.csv;2733848;49874
2025.10.09 11:31:55;C:\Program Files (x86)\Lolly\DATA\data_92245444_2025_10_09_0.csv;2741079;49945
2025.10.09 11:34:08;C:\Program Files (x86)\Lolly\DATA\data_92245445_2025_10_09_0.csv;2745691;49944
2025.10.09 11:35:41;C:\Program Files (x86)\Lolly\DATA\data_92245443_2025_10_09_0.csv;2735627;49944
2025.10.09 11:37:53;C:\Program Files (x86)\Lolly\DATA\data_92245441_2025_10_09_0.csv;2748279;49944
2025.10.09 11:39:08;C:\Program Files (x86)\Lolly\DATA\data_92245442_2025_10_09_0.csv;2747458;49945
