0;2025.01.01 00:00;4;21.75;-200;-200;0;206;0;
1;2025.01.01 00:15;4;21.75;-200;-200;0;206;0;
2;2025.01.01 00:30;4;21.75;-200;-200;0;206;0;
3;2025.01.01 00:45;4;21.75;-200;-200;0;206;0;
4;2025.01.01 01:00;4;21.75;-200;-200;0;206;0;
5;2025.01.01 01:15;4;21.75;-200;-200;0;206;0;
6;2025.01.01 01:30;4;21.75;-200;-200;0;206;0;
7;2025.01.01 01:45;4;21.75;-200;-200;0;206;0;
8;2025.01.01 02:00;4;21.75;-200;-200;0;206;0;
9;2025.01.01 02:15;4;21.75;-200;-200;0;206;0;
10;2025.01.01 02:30;4;21.75;-200;-200;0;206;0;
11;2025.01.01 02:45;4;21.75;-200;-200;0;206;0;
12;2025.01.01 03:00;4;21.75;-200;-200;0;206;0;
13;2025.01.01 03:15;4;21.75;-200;-200;0;206;0;
14;2025.01.01 03:30;4;21.75;-200;-200;0;206;0;
15;2025.01.01 03:45;4;21.75;-200;-200;0;206;0;
16;2025.01.01 04:00;4;21.75;-200;-200;0;206;0;
17;2025.01.01 04:15;4;21.75;-200;-200;0;206;0;
18;2025.01.01 04:30;4;21.75;-200;-200;0;206;0;
19;2025.01.01 04:45;4;21.75;-200;-200;0;206;0;
20;2025.01.01 05:00;4;21.75;-200;-200;0;206;0;
21;2025.01.01 05:15;4;21.75;-200;-200;0;206;0;
22;2025.01.01 05:30;4;21.75;-200;-200;0;206;0;
23;2025.01.01 05:45;4;21.75;-200;-200;0;206;0;
24;2025.01.01 06:00;4;21.75;-200;-200;0;206;0;
25;2025.01.01 06:15;4;21.75;-200;-200;0;206;0;
26;2025.01.01 06:30;4;21.75;-200;-200;0;206;0;
27;2025.01.01 06:45;4;21.75;-200;-200;0;206;0;
28;2025.01.01 07:00;4;21.75;-200;-200;0;206;0;
29;2025.01.01 07:15;4;21.75;-200;-200;0;206;0;
30;2025.01.01 07:30;4;21.75;-200;-200;0;206;0;
31;2025.01.01 07:45;4;21.75;-200;-200;0;206;0;
32;2025.01.01 08:00;4;21.75;-200;-200;0;206;0;
33;2025.01.01 08:15;4;21.75;-200;-200;0;206;0;
34;2025.01.01 08:30;4;21.75;-200;-200;0;206;0;
35;2025.01.01 08:45;4;21.75;-200;-200;0;206;0;
36;2025.01.01 09:00;4;21.75;-200;-200;0;206;0;
37;2025.01.01 09:15;4;21.75;-200;-200;0;206;0;
38;2025.01.01 09:30;4;21.75;-200;-200;0;206;0;
39;2025.01.01 09:45;4;21.75;-200;-200;0;206;0;
40;2025.01.01 10:00;4;21.75;-200;-200;0;206;0;
41;2025.01.01 10:15;4;21.75;-200;-200;0;206;0;
42;2025.01.01 10:30;4;21.75;-200;-200;0;206;0;
43;2025.01.01 10:45;4;21.75;-200;-200;0;206;0;
44;2025.01.01 11:00;4;21.75;-200;-200;0;206;0;
45;2025.01.01 11:15;4;21.75;-200;-200;0;206;0;
46;2025.01.01 11:30;4;21.75;-200;-200;0;206;0;
47;2025.01.01 11:45;4;21.75;-200;-200;0;206;0;
48;2025.01.01 12:00;4;21.75;-200;-200;0;206;0;
49;2025.01.01 12:15;4;21.75;-200;-200;0;206;0;
50;2025.01.01 12:30;4;21.75;-200;-200;0;206;0;
51;2025.01.01 12:45;4;21.75;-200;-200;0;206;0;
52;2025.01.01 13:00;4;21.75;-200;-200;0;206;0;
53;2025.01.01 13:15;4;21.75;-200;-200;0;206;0;
54;2025.01.01 13:30;4;21.75;-200;-200;0;206;0;
55;2025.01.01 13:45;4;21.75;-200;-200;0;206;0;
56;2025.01.01 14:00;4;21.6875;-200;-200;0;206;0;
57;2025.01.01 14:15;4;21.6875;-200;-200;0;206;0;
58;2025.01.01 14:30;4;21.6875;-200;-200;0;206;0;
59;2025.01.01 14:45;4;21.6875;-200;-200;0;206;0;
60;2025.01.01 15:00;4;21.6875;-200;-200;0;206;0;
61;2025.01.01 15:15;4;21.6875;-200;-200;0;206;0;
62;2025.01.01 15:30;4;21.6875;-200;-200;0;206;0;
63;2025.01.01 15:45;4;21.6875;-200;-200;0;206;0;
64;2025.01.01 16:00;4;21.6875;-200;-200;0;206;0;
65;2025.01.01 16:15;4;21.625;-200;-200;0;206;0;
66;2025.01.01 16:30;4;21.625;-200;-200;0;206;0;
67;2025.01.01 16:45;4;21.625;-200;-200;0;206;0;
68;2025.01.01 17:00;4;21.625;-200;-200;0;206;0;
69;2025.01.01 17:15;4;21.625;-200;-200;0;206;0;
70;2025.01.01 17:30;4;21.625;-200;-200;0;206;0;
71;2025.01.01 17:45;4;21.625;-200;-200;0;206;0;
72;2025.01.01 18:00;4;21.625;-200;-200;0;206;0;
73;2025.01.01 18:15;4;21.625;-200;-200;0;206;0;
74;2025.01.01 18:30;4;21.625;-200;-200;0;206;0;
75;2025.01.01 18:45;4;21.625;-200;-200;0;206;0;
76;2025.01.01 19:00;4;21.625;-200;-200;0;206;0;
77;2025.01.01 19:15;4;21.625;-200;-200;0;206;0;
78;2025.01.01 19:30;4;21.625;-200;-200;0;206;0;
79;2025.01.01 19:45;4;21.625;-200;-200;0;206;0;
80;2025.01.01 20:00;4;21.625;-200;-200;0;206;0;
81;2025.01.01 20:15;4;21.625;-200;-200;0;206;0;
82;2025.01.01 20:30;4;21.625;-200;-200;0;206;0;
83;2025.01.01 20:45;4;21.625;-200;-200;0;206;0;
84;2025.01.01 21:00;4;21.625;-200;-200;0;206;0;
85;2025.01.01 21:15;4;21.625;-200;-200;0;206;0;
86;2025.01.01 21:30;4;21.625;-200;-200;0;206;0;
87;2025.01.01 21:45;4;21.625;-200;-200;0;206;0;
88;2025.01.01 22:00;4;21.625;-200;-200;0;206;0;
89;2025.01.01 22:15;4;21.625;-200;-200;0;206;0;
90;2025.01.01 22:30;4;21.625;-200;-200;0;206;0;
91;2025.01.01 22:45;4;21.625;-200;-200;0;206;0;
92;2025.01.01 23:00;4;21.625;-200;-200;0;206;0;
93;2025.01.01 23:15;4;21.625;-200;-200;0;206;0;
94;2025.01.01 23:30;4;21.625;-200;-200;0;206;0;
95;2025.01.01 23:45;4;21.625;-200;-200;0;206;0;
96;2025.01.02 00:00;4;21.625;-200;-200;0;206;0;
97;2025.01.02 00:15;4;21.625;-200;-200;0;206;0;
98;2025.01.02 00:30;4;21.625;-200;-200;0;206;0;
99;2025.01.02 00:45;4;21.625;-200;-200;0;206;0;
100;2025.01.02 01:00;4;21.625;-200;-200;0;206;0;
101;2025.01.02 01:15;4;21.625;-200;-200;0;206;0;
102;2025.01.02 01:30;4;21.625;-200;-200;0;206;0;
103;2025.01.02 01:45;4;21.625;-200;-200;0;206;0;
104;2025.01.02 02:00;4;21.625;-200;-200;0;206;0;
105;2025.01.02 02:15;4;21.625;-200;-200;0;206;0;
106;2025.01.02 02:30;4;21.625;-200;-200;0;206;0;
107;2025.01.02 02:45;4;21.625;-200;-200;0;206;0;
108;2025.01.02 03:00;4;21.625;-200;-200;0;206;0;
109;2025.01.02 03:15;4;21.625;-200;-200;0;206;0;
110;2025.01.02 03:30;4;21.625;-200;-200;0;206;0;
111;2025.01.02 03:45;4;21.625;-200;-200;0;206;0;
112;2025.01.02 04:00;4;21.625;-200;-200;0;206;0;
113;2025.01.02 04:15;4;21.625;-200;-200;0;206;0;
114;2025.01.02 04:30;4;21.625;-200;-200;0;206;0;
115;2025.01.02 04:45;4;21.625;-200;-200;0;206;0;
116;2025.01.02 05:00;4;21.625;-200;-200;0;206;0;
117;2025.01.02 05:15;4;21.625;-200;-200;0;206;0;
118;2025.01.02 05:30;4;21.625;-200;-200;0;206;0;
119;2025.01.02 05:45;4;21.625;-200;-200;0;206;0;
120;2025.01.02 06:00;4;21.625;-200;-200;0;206;0;
121;2025.01.02 06:15;4;21.625;-200;-200;0;206;0;
122;2025.01.02 06:30;4;21.625;-200;-200;0;206;0;
123;2025.01.02 06:45;4;21.625;-200;-200;0;206;0;
124;2025.01.02 07:00;4;21.625;-200;-200;0;206;0;
125;2025.01.02 07:15;4;21.625;-200;-200;0;206;0;
126;2025.01.02 07:30;4;21.625;-200;-200;0;206;0;
127;2025.01.02 07:45;4;21.625;-200;-200;0;206;0;
128;2025.01.02 08:00;4;21.625;-200;-200;0;206;0;
129;2025.01.02 08:15;4;21.625;-200;-200;0;206;0;
130;2025.01.02 08:30;4;21.625;-200;-200;0;206;0;
131;2025.01.02 08:45;4;21.625;-200;-200;0;206;0;
132;2025.01.02 09:00;4;21.625;-200;-200;0;206;0;
133;2025.01.02 09:15;4;21.625;-200;-200;0;206;0;
134;2025.01.02 09:30;4;21.625;-200;-200;0;206;0;
135;2025.01.02 09:45;4;21.625;-200;-200;0;206;0;
136;2025.01.02 10:00;4;21.625;-200;-200;0;206;0;
137;2025.01.02 10:15;4;21.625;-200;-200;0;206;0;
138;2025.01.02 10:30;4;21.625;-200;-200;0;206;0;
139;2025.01.02 10:45;4;21.625;-200;-200;0;206;0;
140;2025.01.02 11:00;4;21.625;-200;-200;0;206;0;
141;2025.01.02 11:15;4;21.625;-200;-200;0;206;0;
142;2025.01.02 11:30;4;21.625;-200;-200;0;206;0;
143;2025.01.02 11:45;4;21.625;-200;-200;0;206;0;
144;2025.01.02 12:00;4;21.625;-200;-200;0;206;0;
145;2025.01.02 12:15;4;21.625;-200;-200;0;206;0;
146;2025.01.02 12:30;4;21.625;-200;-200;0;206;0;
147;2025.01.02 12:45;4;21.625;-200;-200;0;206;0;
148;2025.01.02 13:00;4;21.625;-200;-200;0;206;0;
149;2025.01.02 13:15;4;21.625;-200;-200;0;206;0;
150;2025.01.02 13:30;4;21.625;-200;-200;0;206;0;
151;2025.01.02 13:45;4;21.625;-200;-200;0;206;0;
152;2025.01.02 14:00;4;21.625;-200;-200;0;206;0;
153;2025.01.02 14:15;4;21.625;-200;-200;0;206;0;
154;2025.01.02 14:30;4;21.5625;-200;-200;0;206;0;
155;2025.01.02 14:45;4;21.5625;-200;-200;0;206;0;
156;2025.01.02 15:00;4;21.5625;-200;-200;0;206;0;
157;2025.01.02 15:15;4;21.5625;-200;-200;0;206;0;
158;2025.01.02 15:30;4;21.5625;-200;-200;0;206;0;
159;2025.01.02 15:45;4;21.5625;-200;-200;0;206;0;
160;2025.01.02 16:00;4;21.5;-200;-200;0;206;0;
161;2025.01.02 16:15;4;21.5625;-200;-200;0;206;0;
162;2025.01.02 16:30;4;21.5625;-200;-200;0;206;0;
163;2025.01.02 16:45;4;21.5;-200;-200;0;206;0;
164;2025.01.02 17:00;4;21.5;-200;-200;0;206;0;
165;2025.01.02 17:15;4;21.5;-200;-200;0;206;0;
166;2025.01.02 17:30;4;21.5;-200;-200;0;206;0;
167;2025.01.02 17:45;4;21.5;-200;-200;0;206;0;
168;2025.01.02 18:00;4;21.5;-200;-200;0;206;0;
169;2025.01.02 18:15;4;21.5;-200;-200;0;206;0;
170;2025.01.02 18:30;4;21.5;-200;-200;0;206;0;
171;2025.01.02 18:45;4;21.5;-200;-200;0;206;0;
172;2025.01.02 19:00;4;21.5;-200;-200;0;206;0;
173;2025.01.02 19:15;4;21.5;-200;-200;0;206;0;
174;2025.01.02 19:30;4;21.5;-200;-200;0;206;0;
175;2025.01.02 19:45;4;21.5;-200;-200;0;206;0;
176;2025.01.02 20:00;4;21.5;-200;-200;0;206;0;
177;2025.01.02 20:15;4;21.5;-200;-200;0;206;0;
178;2025.01.02 20:30;4;21.5;-200;-200;0;206;0;
179;2025.01.02 20:45;4;21.5;-200;-200;0;206;0;
180;2025.01.02 21:00;4;21.5;-200;-200;0;206;0;
181;2025.01.02 21:15;4;21.5;-200;-200;0;206;0;
182;2025.01.02 21:30;4;21.5;-200;-200;0;206;0;
183;2025.01.02 21:45;4;21.5;-200;-200;0;206;0;
184;2025.01.02 22:00;4;21.5;-200;-200;0;206;0;
185;2025.01.02 22:15;4;21.5;-200;-200;0;206;0;
186;2025.01.02 22:30;4;21.5;-200;-200;0;206;0;
187;2025.01.02 22:45;4;21.5;-200;-200;0;206;0;
188;2025.01.02 23:00;4;21.5625;-200;-200;0;206;0;
189;2025.01.02 23:15;4;21.5625;-200;-200;0;206;0;
190;2025.01.02 23:30;4;21.5625;-200;-200;0;206;0;
191;2025.01.02 23:45;4;21.5625;-200;-200;0;206;0;
192;2025.01.03 00:00;4;21.5625;-200;-200;0;206;0;
193;2025.01.03 00:15;4;21.625;-200;-200;0;206;0;
194;2025.01.03 00:30;4;21.625;-200;-200;0;206;0;
195;2025.01.03 00:45;4;21.625;-200;-200;0;206;0;
196;2025.01.03 01:00;4;21.625;-200;-200;0;206;0;
197;2025.01.03 01:15;4;21.625;-200;-200;0;206;0;
198;2025.01.03 01:30;4;21.625;-200;-200;0;206;0;
199;2025.01.03 01:45;4;21.625;-200;-200;0;206;0;
200;2025.01.03 02:00;4;21.625;-200;-200;0;206;0;
201;2025.01.03 02:15;4;21.625;-200;-200;0;206;0;
202;2025.01.03 02:30;4;21.625;-200;-200;0;206;0;
203;2025.01.03 02:45;4;21.625;-200;-200;0;206;0;
204;2025.01.03 03:00;4;21.625;-200;-200;0;206;0;
205;2025.01.03 03:15;4;21.625;-200;-200;0;206;0;
206;2025.01.03 03:30;4;21.625;-200;-200;0;206;0;
207;2025.01.03 03:45;4;21.625;-200;-200;0;206;0;
208;2025.01.03 04:00;4;21.625;-200;-200;0;206;0;
209;2025.01.03 04:15;4;21.625;-200;-200;0;206;0;
210;2025.01.03 04:30;4;21.625;-200;-200;0;206;0;
211;2025.01.03 04:45;4;21.6875;-200;-200;0;206;0;
212;2025.01.03 05:00;4;21.6875;-200;-200;0;206;0;
213;2025.01.03 05:15;4;21.6875;-200;-200;0;206;0;
214;2025.01.03 05:30;4;21.6875;-200;-200;0;206;0;
215;2025.01.03 05:45;4;21.6875;-200;-200;0;206;0;
216;2025.01.03 06:00;4;21.6875;-200;-200;0;206;0;
217;2025.01.03 06:15;4;21.75;-200;-200;0;206;0;
218;2025.01.03 06:30;4;21.75;-200;-200;0;206;0;
219;2025.01.03 06:45;4;21.75;-200;-200;0;206;0;
220;2025.01.03 07:00;4;21.75;-200;-200;0;206;0;
221;2025.01.03 07:15;4;21.75;-200;-200;0;206;0;
222;2025.01.03 07:30;4;21.75;-200;-200;0;206;0;
223;2025.01.03 07:45;4;21.75;-200;-200;0;206;0;
224;2025.01.03 08:00;4;21.75;-200;-200;0;206;0;
225;2025.01.03 08:15;4;21.75;-200;-200;0;206;0;
226;2025.01.03 08:30;4;21.75;-200;-200;0;206;0;
227;2025.01.03 08:45;4;21.75;-200;-200;0;206;0;
228;2025.01.03 09:00;4;21.75;-200;-200;0;206;0;
229;2025.01.03 09:15;4;21.75;-200;-200;0;206;0;
230;2025.01.03 09:30;4;21.75;-200;-200;0;206;0;
231;2025.01.03 09:45;4;21.75;-200;-200;0;206;0;
232;2025.01.03 10:00;4;21.75;-200;-200;0;206;0;
233;2025.01.03 10:15;4;21.75;-200;-200;0;206;0;
234;2025.01.03 10:30;4;21.75;-200;-200;0;206;0;
235;2025.01.03 10:45;4;21.75;-200;-200;0;206;0;
236;2025.01.03 11:00;4;21.75;-200;-200;0;206;0;
237;2025.01.03 11:15;4;21.75;-200;-200;0;206;0;
238;2025.01.03 11:30;4;21.75;-200;-200;0;206;0;
239;2025.01.03 11:45;4;21.75;-200;-200;0;206;0;
240;2025.01.03 12:00;4;21.75;-200;-200;0;206;0;
241;2025.01.03 12:15;4;21.75;-200;-200;0;206;0;
242;2025.01.03 12:30;4;21.75;-200;-200;0;206;0;
243;2025.01.03 12:45;4;21.75;-200;-200;0;206;0;
244;2025.01.03 13:00;4;21.75;-200;-200;0;206;0;
245;2025.01.03 13:15;4;21.75;-200;-200;0;206;0;
246;2025.01.03 13:30;4;21.75;-200;-200;0;206;0;
247;2025.01.03 13:45;4;21.75;-200;-200;0;206;0;
248;2025.01.03 14:00;4;21.75;-200;-200;0;206;0;
249;2025.01.03 14:15;4;21.75;-200;-200;0;206;0;
250;2025.01.03 14:30;4;21.75;-200;-200;0;206;0;
251;2025.01.03 14:45;4;21.75;-200;-200;0;206;0;
252;2025.01.03 15:00;4;21.75;-200;-200;0;206;0;
253;2025.01.03 15:15;4;21.75;-200;-200;0;206;0;
254;2025.01.03 15:30;4;21.75;-200;-200;0;206;0;
255;2025.01.03 15:45;4;21.75;-200;-200;0;206;0;
256;2025.01.03 16:00;4;21.6875;-200;-200;0;206;0;
257;2025.01.03 16:15;4;21.6875;-200;-200;0;206;0;
258;2025.01.03 16:30;4;21.6875;-200;-200;0;206;0;
259;2025.01.03 16:45;4;21.6875;-200;-200;0;206;0;
260;2025.01.03 17:00;4;21.6875;-200;-200;0;206;0;
261;2025.01.03 17:15;4;21.6875;-200;-200;0;206;0;
262;2025.01.03 17:30;4;21.6875;-200;-200;0;206;0;
263;2025.01.03 17:45;4;21.6875;-200;-200;0;206;0;
264;2025.01.03 18:00;4;21.6875;-200;-200;0;206;0;
265;2025.01.03 18:15;4;21.625;-200;-200;0;206;0;
266;2025.01.03 18:30;4;21.625;-200;-200;0;206;0;
267;2025.01.03 18:45;4;21.625;-200;-200;0;206;0;
268;2025.01.03 19:00;4;21.6875;-200;-200;0;206;0;
269;2025.01.03 19:15;4;21.625;-200;-200;0;206;0;
270;2025.01.03 19:30;4;21.625;-200;-200;0;206;0;
271;2025.01.03 19:45;4;21.625;-200;-200;0;206;0;
272;2025.01.03 20:00;4;21.625;-200;-200;0;206;0;
273;2025.01.03 20:15;4;21.625;-200;-200;0;206;0;
274;2025.01.03 20:30;4;21.625;-200;-200;0;206;0;
275;2025.01.03 20:45;4;21.625;-200;-200;0;206;0;
276;2025.01.03 21:00;4;21.625;-200;-200;0;206;0;
277;2025.01.03 21:15;4;21.625;-200;-200;0;206;0;
278;2025.01.03 21:30;4;21.625;-200;-200;0;206;0;
279;2025.01.03 21:45;4;21.6875;-200;-200;0;206;0;
280;2025.01.03 22:00;4;21.6875;-200;-200;0;206;0;
281;2025.01.03 22:15;4;21.6875;-200;-200;0;206;0;
282;2025.01.03 22:30;4;21.6875;-200;-200;0;206;0;
283;2025.01.03 22:45;4;21.6875;-200;-200;0;206;0;
284;2025.01.03 23:00;4;21.6875;-200;-200;0;206;0;
285;2025.01.03 23:15;4;21.6875;-200;-200;0;206;0;
286;2025.01.03 23:30;4;21.6875;-200;-200;0;206;0;
287;2025.01.03 23:45;4;21.75;-200;-200;0;206;0;
288;2025.01.04 00:00;4;21.75;-200;-200;0;206;0;
289;2025.01.04 00:15;4;21.75;-200;-200;0;206;0;
290;2025.01.04 00:30;4;21.75;-200;-200;0;206;0;
291;2025.01.04 00:45;4;21.75;-200;-200;0;206;0;
292;2025.01.04 01:00;4;21.75;-200;-200;0;206;0;
293;2025.01.04 01:15;4;21.75;-200;-200;0;206;0;
294;2025.01.04 01:30;4;21.75;-200;-200;0;206;0;
295;2025.01.04 01:45;4;21.75;-200;-200;0;206;0;
296;2025.01.04 02:00;4;21.75;-200;-200;0;206;0;
297;2025.01.04 02:15;4;21.75;-200;-200;0;206;0;
298;2025.01.04 02:30;4;21.75;-200;-200;0;206;0;
299;2025.01.04 02:45;4;21.75;-200;-200;0;206;0;
300;2025.01.04 03:00;4;21.75;-200;-200;0;206;0;
301;2025.01.04 03:15;4;21.75;-200;-200;0;206;0;
302;2025.01.04 03:30;4;21.75;-200;-200;0;206;0;
303;2025.01.04 03:45;4;21.75;-200;-200;0;206;0;
304;2025.01.04 04:00;4;21.75;-200;-200;0;206;0;
305;2025.01.04 04:15;4;21.75;-200;-200;0;206;0;
306;2025.01.04 04:30;4;21.75;-200;-200;0;206;0;
307;2025.01.04 04:45;4;21.75;-200;-200;0;206;0;
308;2025.01.04 05:00;4;21.75;-200;-200;0;206;0;
309;2025.01.04 05:15;4;21.75;-200;-200;0;206;0;
310;2025.01.04 05:30;4;21.75;-200;-200;0;206;0;
311;2025.01.04 05:45;4;21.75;-200;-200;0;206;0;
312;2025.01.04 06:00;4;21.8125;-200;-200;0;206;0;
313;2025.01.04 06:15;4;21.75;-200;-200;0;206;0;
314;2025.01.04 06:30;4;21.8125;-200;-200;0;206;0;
315;2025.01.04 06:45;4;21.8125;-200;-200;0;206;0;
316;2025.01.04 07:00;4;21.8125;-200;-200;0;206;0;
317;2025.01.04 07:15;4;21.8125;-200;-200;0;206;0;
318;2025.01.04 07:30;4;21.8125;-200;-200;0;206;0;
319;2025.01.04 07:45;4;21.8125;-200;-200;0;206;0;
320;2025.01.04 08:00;4;21.8125;-200;-200;0;206;0;
321;2025.01.04 08:15;4;21.8125;-200;-200;0;206;0;
322;2025.01.04 08:30;4;21.8125;-200;-200;0;206;0;
323;2025.01.04 08:45;4;21.8125;-200;-200;0;206;0;
324;2025.01.04 09:00;4;21.8125;-200;-200;0;206;0;
325;2025.01.04 09:15;4;21.8125;-200;-200;0;206;0;
326;2025.01.04 09:30;4;21.8125;-200;-200;0;206;0;
327;2025.01.04 09:45;4;21.8125;-200;-200;0;206;0;
328;2025.01.04 10:00;4;21.8125;-200;-200;0;206;0;
329;2025.01.04 10:15;4;21.8125;-200;-200;0;206;0;
330;2025.01.04 10:30;4;21.8125;-200;-200;0;206;0;
331;2025.01.04 10:45;4;21.8125;-200;-200;0;206;0;
332;2025.01.04 11:00;4;21.8125;-200;-200;0;206;0;
333;2025.01.04 11:15;4;21.8125;-200;-200;0;206;0;
334;2025.01.04 11:30;4;21.8125;-200;-200;0;206;0;
335;2025.01.04 11:45;4;21.8125;-200;-200;0;206;0;
336;2025.01.04 12:00;4;21.8125;-200;-200;0;206;0;
337;2025.01.04 12:15;4;21.8125;-200;-200;0;206;0;
338;2025.01.04 12:30;4;21.8125;-200;-200;0;206;0;
339;2025.01.04 12:45;4;21.8125;-200;-200;0;206;0;
340;2025.01.04 13:00;4;21.8125;-200;-200;0;206;0;
341;2025.01.04 13:15;4;21.8125;-200;-200;0;206;0;
342;2025.01.04 13:30;4;21.8125;-200;-200;0;206;0;
343;2025.01.04 13:45;4;21.8125;-200;-200;0;206;0;
344;2025.01.04 14:00;4;21.75;-200;-200;0;206;0;
345;2025.01.04 14:15;4;21.75;-200;-200;0;206;0;
346;2025.01.04 14:30;4;21.75;-200;-200;0;206;0;
347;2025.01.04 14:45;4;21.75;-200;-200;0;206;0;
348;2025.01.04 15:00;4;21.75;-200;-200;0;206;0;
349;2025.01.04 15:15;4;21.75;-200;-200;0;206;0;
350;2025.01.04 15:30;4;21.75;-200;-200;0;206;0;
351;2025.01.04 15:45;4;21.75;-200;-200;0;206;0;
352;2025.01.04 16:00;4;21.75;-200;-200;0;206;0;
353;2025.01.04 16:15;4;21.75;-200;-200;0;206;0;
354;2025.01.04 16:30;4;21.75;-200;-200;0;206;0;
355;2025.01.04 16:45;4;21.75;-200;-200;0;206;0;
356;2025.01.04 17:00;4;21.75;-200;-200;0;206;0;
357;2025.01.04 17:15;4;21.75;-200;-200;0;206;0;
358;2025.01.04 17:30;4;21.75;-200;-200;0;206;0;
359;2025.01.04 17:45;4;21.75;-200;-200;0;206;0;
360;2025.01.04 18:00;4;21.75;-200;-200;0;206;0;
361;2025.01.04 18:15;4;21.75;-200;-200;0;206;0;
362;2025.01.04 18:30;4;21.75;-200;-200;0;206;0;
363;2025.01.04 18:45;4;21.75;-200;-200;0;206;0;
364;2025.01.04 19:00;4;21.75;-200;-200;0;206;0;
365;2025.01.04 19:15;4;21.75;-200;-200;0;206;0;
366;2025.01.04 19:30;4;21.75;-200;-200;0;206;0;
367;2025.01.04 19:45;4;21.75;-200;-200;0;206;0;
368;2025.01.04 20:00;4;21.75;-200;-200;0;206;0;
369;2025.01.04 20:15;4;21.75;-200;-200;0;206;0;
370;2025.01.04 20:30;4;21.75;-200;-200;0;206;0;
371;2025.01.04 20:45;4;21.75;-200;-200;0;206;0;
372;2025.01.04 21:00;4;21.75;-200;-200;0;206;0;
373;2025.01.04 21:15;4;21.6875;-200;-200;0;206;0;
374;2025.01.04 21:30;4;21.75;-200;-200;0;206;0;
375;2025.01.04 21:45;4;21.75;-200;-200;0;206;0;
376;2025.01.04 22:00;4;21.6875;-200;-200;0;206;0;
377;2025.01.04 22:15;4;21.75;-200;-200;0;206;0;
378;2025.01.04 22:30;4;21.6875;-200;-200;0;206;0;
379;2025.01.04 22:45;4;21.6875;-200;-200;0;206;0;
380;2025.01.04 23:00;4;21.6875;-200;-200;0;206;0;
381;2025.01.04 23:15;4;21.6875;-200;-200;0;206;0;
382;2025.01.04 23:30;4;21.6875;-200;-200;0;206;0;
383;2025.01.04 23:45;4;21.6875;-200;-200;0;206;0;
384;2025.01.05 00:00;4;21.6875;-200;-200;0;206;0;
385;2025.01.05 00:15;4;21.6875;-200;-200;0;206;0;
386;2025.01.05 00:30;4;21.6875;-200;-200;0;206;0;
387;2025.01.05 00:45;4;21.6875;-200;-200;0;206;0;
388;2025.01.05 01:00;4;21.6875;-200;-200;0;206;0;
389;2025.01.05 01:15;4;21.6875;-200;-200;0;206;0;
390;2025.01.05 01:30;4;21.6875;-200;-200;0;206;0;
391;2025.01.05 01:45;4;21.6875;-200;-200;0;206;0;
392;2025.01.05 02:00;4;21.625;-200;-200;0;206;0;
393;2025.01.05 02:15;4;21.6875;-200;-200;0;206;0;
394;2025.01.05 02:30;4;21.625;-200;-200;0;206;0;
395;2025.01.05 02:45;4;21.6875;-200;-200;0;206;0;
396;2025.01.05 03:00;4;21.6875;-200;-200;0;206;0;
397;2025.01.05 03:15;4;21.6875;-200;-200;0;206;0;
398;2025.01.05 03:30;4;21.6875;-200;-200;0;206;0;
399;2025.01.05 03:45;4;21.6875;-200;-200;0;206;0;
400;2025.01.05 04:00;4;21.6875;-200;-200;0;206;0;
401;2025.01.05 04:15;4;21.6875;-200;-200;0;206;0;
402;2025.01.05 04:30;4;21.6875;-200;-200;0;206;0;
403;2025.01.05 04:45;4;21.6875;-200;-200;0;206;0;
404;2025.01.05 05:00;4;21.6875;-200;-200;0;206;0;
405;2025.01.05 05:15;4;21.6875;-200;-200;0;206;0;
406;2025.01.05 05:30;4;21.6875;-200;-200;0;206;0;
407;2025.01.05 05:45;4;21.6875;-200;-200;0;206;0;
408;2025.01.05 06:00;4;21.6875;-200;-200;0;206;0;
409;2025.01.05 06:15;4;21.6875;-200;-200;0;206;0;
410;2025.01.05 06:30;4;21.6875;-200;-200;0;206;0;
411;2025.01.05 06:45;4;21.6875;-200;-200;0;206;0;
412;2025.01.05 07:00;4;21.6875;-200;-200;0;206;0;
413;2025.01.05 07:15;4;21.6875;-200;-200;0;206;0;
414;2025.01.05 07:30;4;21.6875;-200;-200;0;206;0;
415;2025.01.05 07:45;4;21.6875;-200;-200;0;206;0;
416;2025.01.05 08:00;4;21.6875;-200;-200;0;206;0;
417;2025.01.05 08:15;4;21.6875;-200;-200;0;206;0;
418;2025.01.05 08:30;4;21.6875;-200;-200;0;206;0;
419;2025.01.05 08:45;4;21.6875;-200;-200;0;206;0;
420;2025.01.05 09:00;4;21.6875;-200;-200;0;206;0;
421;2025.01.05 09:15;4;21.6875;-200;-200;0;206;0;
422;2025.01.05 09:30;4;21.6875;-200;-200;0;206;0;
423;2025.01.05 09:45;4;21.6875;-200;-200;0;206;0;
424;2025.01.05 10:00;4;21.6875;-200;-200;0;206;0;
425;2025.01.05 10:15;4;21.6875;-200;-200;0;206;0;
426;2025.01.05 10:30;4;21.625;-200;-200;0;206;0;
427;2025.01.05 10:45;4;21.6875;-200;-200;0;206;0;
428;2025.01.05 11:00;4;21.6875;-200;-200;0;206;0;
429;2025.01.05 11:15;4;21.625;-200;-200;0;206;0;
430;2025.01.05 11:30;4;21.625;-200;-200;0;206;0;
431;2025.01.05 11:45;4;21.625;-200;-200;0;206;0;
432;2025.01.05 12:00;4;21.625;-200;-200;0;206;0;
433;2025.01.05 12:15;4;21.625;-200;-200;0;206;0;
434;2025.01.05 12:30;4;21.625;-200;-200;0;206;0;
435;2025.01.05 12:45;4;21.625;-200;-200;0;206;0;
436;2025.01.05 13:00;4;21.625;-200;-200;0;206;0;
437;2025.01.05 13:15;4;21.625;-200;-200;0;206;0;
438;2025.01.05 13:30;4;21.625;-200;-200;0;206;0;
439;2025.01.05 13:45;4;21.625;-200;-200;0;206;0;
440;2025.01.05 14:00;4;21.625;-200;-200;0;206;0;
441;2025.01.05 14:15;4;21.625;-200;-200;0;206;0;
442;2025.01.05 14:30;4;21.625;-200;-200;0;206;0;
443;2025.01.05 14:45;4;21.625;-200;-200;0;206;0;
444;2025.01.05 15:00;4;21.625;-200;-200;0;206;0;
445;2025.01.05 15:15;4;21.625;-200;-200;0;206;0;
446;2025.01.05 15:30;4;21.625;-200;-200;0;206;0;
447;2025.01.05 15:45;4;21.625;-200;-200;0;206;0;
448;2025.01.05 16:00;4;21.625;-200;-200;0;206;0;
449;2025.01.05 16:15;4;21.625;-200;-200;0;206;0;
450;2025.01.05 16:30;4;21.625;-200;-200;0;206;0;
451;2025.01.05 16:45;4;21.625;-200;-200;0;206;0;
452;2025.01.05 17:00;4;21.625;-200;-200;0;206;0;
453;2025.01.05 17:15;4;21.625;-200;-200;0;206;0;
454;2025.01.05 17:30;4;21.625;-200;-200;0;206;0;
455;2025.01.05 17:45;4;21.625;-200;-200;0;206;0;
456;2025.01.05 18:00;4;21.5625;-200;-200;0;206;0;
457;2025.01.05 18:15;4;21.5625;-200;-200;0;206;0;
458;2025.01.05 18:30;4;21.5625;-200;-200;0;206;0;
459;2025.01.05 18:45;4;21.5625;-200;-200;0;206;0;
460;2025.01.05 19:00;4;21.5625;-200;-200;0;206;0;
461;2025.01.05 19:15;4;21.5625;-200;-200;0;206;0;
462;2025.01.05 19:30;4;21.5625;-200;-200;0;206;0;
463;2025.01.05 19:45;4;21.5625;-200;-200;0;206;0;
464;2025.01.05 20:00;4;21.5625;-200;-200;0;206;0;
465;2025.01.05 20:15;4;21.5625;-200;-200;0;206;0;
466;2025.01.05 20:30;4;21.5625;-200;-200;0;206;0;
467;2025.01.05 20:45;4;21.5625;-200;-200;0;206;0;
468;2025.01.05 21:00;4;21.5625;-200;-200;0;206;0;
469;2025.01.05 21:15;4;21.5625;-200;-200;0;206;0;
470;2025.01.05 21:30;4;21.5625;-200;-200;0;206;0;
471;2025.01.05 21:45;4;21.5625;-200;-200;0;206;0;
472;2025.01.05 22:00;4;21.5625;-200;-200;0;206;0;
473;2025.01.05 22:15;4;21.5625;-200;-200;0;206;0;
474;2025.01.05 22:30;4;21.5625;-200;-200;0;206;0;
475;2025.01.05 22:45;4;21.5625;-200;-200;0;206;0;
476;2025.01.05 23:00;4;21.5625;-200;-200;0;206;0;
477;2025.01.05 23:15;4;21.5625;-200;-200;0;206;0;
478;2025.01.05 23:30;4;21.5625;-200;-200;0;206;0;
479;2025.01.05 23:45;4;21.5625;-200;-200;0;206;0;
480;2025.01.06 00:00;4;21.5625;-200;-200;0;206;0;
481;2025.01.06 00:15;4;21.5625;-200;-200;0;206;0;
482;2025.01.06 00:30;4;21.5625;-200;-200;0;206;0;
483;2025.01.06 00:45;4;21.5625;-200;-200;0;206;0;
484;2025.01.06 01:00;4;21.5625;-200;-200;0;206;0;
485;2025.01.06 01:15;4;21.5625;-200;-200;0;206;0;
486;2025.01.06 01:30;4;21.5625;-200;-200;0;206;0;
487;2025.01.06 01:45;4;21.5625;-200;-200;0;206;0;
488;2025.01.06 02:00;4;21.5625;-200;-200;0;206;0;
489;2025.01.06 02:15;4;21.5625;-200;-200;0;206;0;
490;2025.01.06 02:30;4;21.5625;-200;-200;0;206;0;
491;2025.01.06 02:45;4;21.5625;-200;-200;0;206;0;
492;2025.01.06 03:00;4;21.5625;-200;-200;0;206;0;
493;2025.01.06 03:15;4;21.5625;-200;-200;0;206;0;
494;2025.01.06 03:30;4;21.5625;-200;-200;0;206;0;
495;2025.01.06 03:45;4;21.5625;-200;-200;0;206;0;
496;2025.01.06 04:00;4;21.5625;-200;-200;0;206;0;
497;2025.01.06 04:15;4;21.5625;-200;-200;0;206;0;
498;2025.01.06 04:30;4;21.5625;-200;-200;0;206;0;
499;2025.01.06 04:45;4;21.5625;-200;-200;0;206;0;
500;2025.01.06 05:00;4;21.5625;-200;-200;0;206;0;
501;2025.01.06 05:15;4;21.5625;-200;-200;0;206;0;
502;2025.01.06 05:30;4;21.5625;-200;-200;0;206;0;
503;2025.01.06 05:45;4;21.5625;-200;-200;0;206;0;
504;2025.01.06 06:00;4;21.5625;-200;-200;0;206;0;
505;2025.01.06 06:15;4;21.5625;-200;-200;0;206;0;
506;2025.01.06 06:30;4;21.5625;-200;-200;0;206;0;
507;2025.01.06 06:45;4;21.5625;-200;-200;0;206;0;
508;2025.01.06 07:00;4;21.5625;-200;-200;0;206;0;
509;2025.01.06 07:15;4;21.5625;-200;-200;0;206;0;
510;2025.01.06 07:30;4;21.5625;-200;-200;0;206;0;
511;2025.01.06 07:45;4;21.5625;-200;-200;0;206;0;
512;2025.01.06 08:00;4;21.5625;-200;-200;0;206;0;
513;2025.01.06 08:15;4;21.5625;-200;-200;0;206;0;
514;2025.01.06 08:30;4;21.5625;-200;-200;0;206;0;
515;2025.01.06 08:45;4;21.5625;-200;-200;0;206;0;
516;2025.01.06 09:00;4;21.5625;-200;-200;0;206;0;
517;2025.01.06 09:15;4;21.5625;-200;-200;0;206;0;
518;2025.01.06 09:30;4;21.5625;-200;-200;0;206;0;
519;2025.01.06 09:45;4;21.5625;-200;-200;0;206;0;
520;2025.01.06 10:00;4;21.5625;-200;-200;0;206;0;
521;2025.01.06 10:15;4;21.5625;-200;-200;0;206;0;
522;2025.01.06 10:30;4;21.5625;-200;-200;0;206;0;
523;2025.01.06 10:45;4;21.5625;-200;-200;0;206;0;
524;2025.01.06 11:00;4;21.5625;-200;-200;0;206;0;
525;2025.01.06 11:15;4;21.5625;-200;-200;0;206;0;
526;2025.01.06 11:30;4;21.5625;-200;-200;0;206;0;
527;2025.01.06 11:45;4;21.5;-200;-200;0;206;0;
528;2025.01.06 12:00;4;21.5;-200;-200;0;206;0;
529;2025.01.06 12:15;4;21.5;-200;-200;0;206;0;
530;2025.01.06 12:30;4;21.5;-200;-200;0;206;0;
531;2025.01.06 12:45;4;21.5;-200;-200;0;206;0;
532;2025.01.06 13:00;4;21.5;-200;-200;0;206;0;
533;2025.01.06 13:15;4;21.5;-200;-200;0;206;0;
534;2025.01.06 13:30;4;21.5;-200;-200;0;206;0;
535;2025.01.06 13:45;4;21.5;-200;-200;0;206;0;
536;2025.01.06 14:00;4;21.5;-200;-200;0;206;0;
537;2025.01.06 14:15;4;21.5;-200;-200;0;206;0;
538;2025.01.06 14:30;4;21.5;-200;-200;0;206;0;
539;2025.01.06 14:45;4;21.5;-200;-200;0;206;0;
540;2025.01.06 15:00;4;21.5;-200;-200;0;206;0;
541;2025.01.06 15:15;4;21.5;-200;-200;0;206;0;
542;2025.01.06 15:30;4;21.5;-200;-200;0;206;0;
543;2025.01.06 15:45;4;21.5;-200;-200;0;206;0;
544;2025.01.06 16:00;4;21.5;-200;-200;0;206;0;
545;2025.01.06 16:15;4;21.5;-200;-200;0;206;0;
546;2025.01.06 16:30;4;21.5;-200;-200;0;206;0;
547;2025.01.06 16:45;4;21.5;-200;-200;0;206;0;
548;2025.01.06 17:00;4;21.5;-200;-200;0;206;0;
549;2025.01.06 17:15;4;21.5;-200;-200;0;206;0;
550;2025.01.06 17:30;4;21.5;-200;-200;0;206;0;
551;2025.01.06 17:45;4;21.5;-200;-200;0;206;0;
552;2025.01.06 18:00;4;21.4375;-200;-200;0;206;0;
553;2025.01.06 18:15;4;21.5;-200;-200;0;206;0;
554;2025.01.06 18:30;4;21.5;-200;-200;0;206;0;
555;2025.01.06 18:45;4;21.4375;-200;-200;0;206;0;
556;2025.01.06 19:00;4;21.4375;-200;-200;0;206;0;
557;2025.01.06 19:15;4;21.4375;-200;-200;0;206;0;
558;2025.01.06 19:30;4;21.4375;-200;-200;0;206;0;
559;2025.01.06 19:45;4;21.4375;-200;-200;0;206;0;
560;2025.01.06 20:00;4;21.4375;-200;-200;0;206;0;
561;2025.01.06 20:15;4;21.4375;-200;-200;0;206;0;
562;2025.01.06 20:30;4;21.4375;-200;-200;0;206;0;
563;2025.01.06 20:45;4;21.4375;-200;-200;0;206;0;
564;2025.01.06 21:00;4;21.4375;-200;-200;0;206;0;
565;2025.01.06 21:15;4;21.4375;-200;-200;0;206;0;
566;2025.01.06 21:30;4;21.4375;-200;-200;0;206;0;
567;2025.01.06 21:45;4;21.4375;-200;-200;0;206;0;
568;2025.01.06 22:00;4;21.4375;-200;-200;0;206;0;
569;2025.01.06 22:15;4;21.4375;-200;-200;0;206;0;
570;2025.01.06 22:30;4;21.4375;-200;-200;0;206;0;
571;2025.01.06 22:45;4;21.4375;-200;-200;0;206;0;
572;2025.01.06 23:00;4;21.4375;-200;-200;0;206;0;
573;2025.01.06 23:15;4;21.4375;-200;-200;0;206;0;
574;2025.01.06 23:30;4;21.375;-200;-200;0;206;0;
575;2025.01.06 23:45;4;21.4375;-200;-200;0;206;0;
